CustomerID,Name,Age,Gender,Location,RegistrationDate,LoyaltyScore
1001,Олена Петрова,56,Чоловік,Київ,2023-07-14,77
1002,Петро Сидоров,46,Чоловік,Одеса,2023-06-05,93
1003,Олена Петрова,32,Чоловік,Харків,2023-06-21,61
1004,Олена Петрова,60,Чоловік,Київ,2023-12-01,88
1005,Іван Іванов,25,Жінка,Львів,2023-02-10,75
1006,Марія Коваленко,38,Жінка,Київ,2023-03-04,62
1007,Олена Петрова,56,Чоловік,Харків,2023-01-23,57
1008,Марія Коваленко,36,Чоловік,Дніпро,2023-12-26,77
1009,Олена Петрова,40,Чоловік,Дніпро,2023-03-16,79
1010,Олена Петрова,28,Чоловік,Одеса,2023-02-17,58
1011,Іван Іванов,28,Чоловік,Харків,2023-06-09,88
1012,Петро Сидоров,41,Жінка,Київ,2023-11-09,80
1013,Петро Сидоров,53,Жінка,Київ,2023-04-28,70
1014,Олена Петрова,57,Жінка,Дніпро,2023-04-10,96
1015,Іван Іванов,41,Жінка,Дніпро,2023-06-16,83
1016,Марія Коваленко,20,Чоловік,Львів,2023-10-17,80
1017,Марія Коваленко,39,Чоловік,Дніпро,2023-06-05,74
1018,Олена Петрова,19,Чоловік,Львів,2023-01-07,61
1019,Петро Сидоров,41,Чоловік,Київ,2023-07-15,50
1020,Іван Іванов,61,Чоловік,Львів,2023-02-25,71
1021,Петро Сидоров,47,Жінка,Львів,2023-11-17,89
1022,Марія Коваленко,55,Чоловік,Одеса,2023-07-12,86
1023,Петро Сидоров,19,Жінка,Дніпро,2023-02-16,96
1024,Марія Коваленко,38,Жінка,Львів,2023-05-28,50
1025,Іван Іванов,50,Жінка,Київ,2023-10-02,50
1026,Іван Іванов,29,Жінка,Харків,2023-06-06,91
1027,Олена Петрова,39,Чоловік,Львів,2023-07-21,91
1028,Олена Петрова,61,Жінка,Дніпро,2023-05-06,70
1029,Петро Сидоров,42,Жінка,Одеса,2023-11-01,64
1030,Іван Іванов,44,Жінка,Київ,2023-10-21,66
1031,Іван Іванов,59,Чоловік,Одеса,2023-03-05,71
1032,Олена Петрова,45,Чоловік,Харків,2023-11-21,87
1033,Марія Коваленко,33,Чоловік,Львів,2023-06-25,84
1034,Петро Сидоров,32,Жінка,Львів,2023-04-26,94
1035,Петро Сидоров,64,Жінка,Дніпро,2023-07-23,65
1036,Олена Петрова,61,Чоловік,Львів,2023-11-17,57
1037,Іван Іванов,20,Жінка,Київ,2023-01-31,96
1038,Олена Петрова,54,Чоловік,Харків,2023-04-23,66
1039,Олена Петрова,24,Чоловік,Одеса,2023-12-31,66
1040,Олена Петрова,38,Жінка,Харків,2023-11-21,75
1041,Олена Петрова,26,Жінка,Львів,2023-12-10,62
1042,Марія Коваленко,56,Жінка,Одеса,2023-03-08,66
1043,Марія Коваленко,35,Жінка,Дніпро,2023-03-16,87
1044,Іван Іванов,21,Чоловік,Харків,2023-02-14,66
1045,Олена Петрова,42,Чоловік,Одеса,2023-09-17,97
1046,Марія Коваленко,31,Чоловік,Одеса,2023-06-03,63
1047,Іван Іванов,26,Чоловік,Одеса,2023-06-04,94
1048,Олена Петрова,43,Чоловік,Київ,2023-12-29,55
1049,Петро Сидоров,19,Жінка,Харків,2023-08-22,84
1050,Марія Коваленко,37,Чоловік,Одеса,2023-02-20,95
1051,Іван Іванов,45,Чоловік,Харків,2023-11-02,63
1052,Петро Сидоров,64,Чоловік,Одеса,2023-09-19,96
1053,Олена Петрова,24,Жінка,Дніпро,2023-11-11,57
1054,Олена Петрова,61,Жінка,Дніпро,2023-05-05,64
1055,Олена Петрова,25,Жінка,Дніпро,2023-09-02,76
1056,Марія Коваленко,64,Жінка,Львів,2023-01-30,62
1057,Іван Іванов,52,Чоловік,Одеса,2023-05-02,98
1058,Петро Сидоров,31,Чоловік,Львів,2023-05-05,80
1059,Іван Іванов,34,Жінка,Харків,2023-02-06,84
1060,Марія Коваленко,53,Жінка,Львів,2023-06-19,55
1061,Іван Іванов,57,Чоловік,Харків,2023-05-04,54
1062,Марія Коваленко,21,Чоловік,Харків,2023-12-23,71
1063,Олена Петрова,19,Жінка,Харків,2023-02-04,98
1064,Петро Сидоров,23,Жінка,Львів,2023-03-28,72
1065,Олена Петрова,59,Жінка,Одеса,2023-05-14,74
1066,Іван Іванов,21,Жінка,Львів,2023-07-15,83
1067,Олена Петрова,46,Чоловік,Одеса,2023-10-01,75
1068,Петро Сидоров,35,Чоловік,Одеса,2023-07-20,96
1069,Олена Петрова,43,Чоловік,Харків,2023-10-12,54
1070,Петро Сидоров,61,Жінка,Львів,2023-03-18,75
1071,Петро Сидоров,51,Жінка,Одеса,2023-02-28,69
1072,Олена Петрова,27,Чоловік,Дніпро,2023-05-06,55
1073,Марія Коваленко,53,Чоловік,Одеса,2023-04-19,55
1074,Іван Іванов,31,Чоловік,Дніпро,2023-08-12,99
1075,Марія Коваленко,48,Чоловік,Львів,2023-10-05,67
1076,Марія Коваленко,32,Жінка,Львів,2023-03-09,53
1077,Олена Петрова,25,Чоловік,Львів,2023-03-10,66
1078,Іван Іванов,31,Чоловік,Одеса,2023-06-14,63
1079,Іван Іванов,40,Чоловік,Київ,2023-11-01,63
1080,Марія Коваленко,57,Чоловік,Одеса,2023-06-11,62
1081,Олена Петрова,38,Чоловік,Одеса,2023-12-31,56
1082,Іван Іванов,33,Чоловік,Харків,2023-12-08,93
1083,Марія Коваленко,62,Чоловік,Харків,2023-11-05,64
1084,Іван Іванов,35,Жінка,Одеса,2023-12-09,68
1085,Олена Петрова,64,Жінка,Дніпро,2023-02-11,92
1086,Олена Петрова,41,Жінка,Харків,2023-12-20,96
1087,Олена Петрова,43,Жінка,Одеса,2023-04-19,93
1088,Іван Іванов,42,Чоловік,Київ,2023-02-20,84
1089,Петро Сидоров,62,Жінка,Дніпро,2023-09-07,66
1090,Іван Іванов,58,Жінка,Львів,2023-12-07,84
1091,Петро Сидоров,46,Чоловік,Одеса,2023-01-21,68
1092,Олена Петрова,32,Чоловік,Одеса,2023-10-27,69
1093,Марія Коваленко,62,Жінка,Дніпро,2023-05-19,85
1094,Петро Сидоров,18,Жінка,Харків,2023-12-25,84
1095,Олена Петрова,42,Чоловік,Харків,2023-11-20,81
1096,Олена Петрова,24,Жінка,Харків,2023-04-02,97
1097,Петро Сидоров,26,Чоловік,Львів,2023-10-07,93
1098,Марія Коваленко,41,Чоловік,Дніпро,2023-05-05,89
1099,Олена Петрова,18,Чоловік,Дніпро,2023-04-21,73
1100,Петро Сидоров,61,Чоловік,Харків,2023-12-20,66
1101,Марія Коваленко,25,Жінка,Харків,2023-05-19,56
1102,Марія Коваленко,41,Чоловік,Київ,2023-09-30,92
1103,Олена Петрова,28,Чоловік,Київ,2023-04-09,99
1104,Іван Іванов,34,Жінка,Одеса,2023-09-09,50
1105,Іван Іванов,25,Чоловік,Одеса,2023-12-04,84
1106,Олена Петрова,52,Жінка,Дніпро,2023-04-14,81
1107,Марія Коваленко,52,Жінка,Дніпро,2023-08-02,85
1108,Олена Петрова,50,Жінка,Львів,2023-09-06,62
1109,Петро Сидоров,22,Чоловік,Львів,2023-06-01,55
1110,Іван Іванов,59,Жінка,Київ,2023-09-07,63
1111,Петро Сидоров,56,Жінка,Одеса,2023-10-02,86
1112,Олена Петрова,58,Чоловік,Київ,2023-06-14,97
1113,Олена Петрова,45,Жінка,Київ,2023-12-07,64
1114,Марія Коваленко,24,Жінка,Одеса,2023-01-08,96
1115,Марія Коваленко,26,Жінка,Львів,2023-10-11,53
1116,Марія Коваленко,25,Жінка,Одеса,2023-01-05,89
1117,Петро Сидоров,29,Жінка,Харків,2023-05-25,65
1118,Марія Коваленко,51,Чоловік,Харків,2023-04-11,77
1119,Олена Петрова,50,Жінка,Харків,2023-06-13,65
1120,Марія Коваленко,40,Жінка,Дніпро,2023-05-27,53
1121,Іван Іванов,41,Чоловік,Львів,2023-03-05,94
1122,Марія Коваленко,54,Чоловік,Львів,2023-04-01,75
1123,Петро Сидоров,52,Чоловік,Дніпро,2023-04-27,77
1124,Іван Іванов,61,Жінка,Київ,2023-12-20,81
1125,Іван Іванов,57,Чоловік,Харків,2023-09-24,94
1126,Іван Іванов,39,Жінка,Харків,2023-11-06,51
1127,Петро Сидоров,44,Жінка,Київ,2023-06-22,80
1128,Олена Петрова,52,Чоловік,Одеса,2023-02-16,52
1129,Марія Коваленко,18,Чоловік,Одеса,2023-05-20,57
1130,Іван Іванов,52,Жінка,Львів,2023-09-03,73
1131,Іван Іванов,54,Чоловік,Дніпро,2023-05-29,64
1132,Іван Іванов,64,Жінка,Львів,2023-09-03,92
1133,Олена Петрова,31,Чоловік,Одеса,2023-01-05,80
1134,Олена Петрова,20,Чоловік,Київ,2023-07-03,58
1135,Петро Сидоров,18,Чоловік,Львів,2023-01-20,88
1136,Олена Петрова,22,Жінка,Харків,2023-02-15,94
1137,Марія Коваленко,43,Чоловік,Харків,2023-01-12,51
1138,Петро Сидоров,31,Жінка,Київ,2023-03-11,57
1139,Петро Сидоров,56,Жінка,Одеса,2023-01-17,56
1140,Марія Коваленко,44,Жінка,Харків,2023-05-27,93
1141,Марія Коваленко,26,Жінка,Харків,2023-06-03,88
1142,Марія Коваленко,32,Чоловік,Дніпро,2023-10-31,91
1143,Петро Сидоров,32,Жінка,Львів,2023-04-18,65
1144,Петро Сидоров,43,Жінка,Одеса,2023-08-24,84
1145,Петро Сидоров,59,Чоловік,Львів,2023-11-04,79
1146,Марія Коваленко,30,Жінка,Одеса,2023-12-18,59
1147,Марія Коваленко,49,Чоловік,Харків,2023-03-11,87
1148,Іван Іванов,56,Жінка,Дніпро,2023-07-02,67
1149,Олена Петрова,49,Чоловік,Львів,2023-09-07,99
1150,Іван Іванов,21,Жінка,Харків,2023-08-16,54
1151,Марія Коваленко,47,Чоловік,Одеса,2023-04-12,78
1152,Петро Сидоров,54,Жінка,Львів,2023-03-16,88
1153,Марія Коваленко,40,Жінка,Львів,2023-08-04,83
1154,Олена Петрова,56,Чоловік,Харків,2023-07-22,92
1155,Іван Іванов,62,Чоловік,Львів,2023-07-11,94
1156,Іван Іванов,32,Чоловік,Дніпро,2023-09-06,72
1157,Петро Сидоров,60,Чоловік,Дніпро,2023-08-30,54
1158,Іван Іванов,46,Жінка,Харків,2023-06-28,79
1159,Іван Іванов,53,Жінка,Одеса,2023-08-07,55
1160,Марія Коваленко,30,Чоловік,Харків,2023-03-23,95
1161,Іван Іванов,49,Жінка,Дніпро,2023-04-02,93
1162,Іван Іванов,24,Чоловік,Київ,2023-06-24,53
1163,Іван Іванов,39,Чоловік,Київ,2023-08-27,78
1164,Петро Сидоров,45,Жінка,Львів,2023-09-17,72
1165,Петро Сидоров,19,Жінка,Львів,2023-12-31,55
1166,Марія Коваленко,59,Жінка,Київ,2023-06-12,81
1167,Іван Іванов,62,Жінка,Дніпро,2023-02-17,91
1168,Петро Сидоров,23,Жінка,Львів,2023-11-25,67
1169,Петро Сидоров,45,Жінка,Харків,2023-11-24,64
1170,Марія Коваленко,45,Жінка,Харків,2023-04-26,89
1171,Олена Петрова,61,Чоловік,Дніпро,2023-12-03,81
1172,Іван Іванов,61,Чоловік,Львів,2023-12-03,58
1173,Петро Сидоров,37,Чоловік,Харків,2023-08-13,86
1174,Марія Коваленко,47,Чоловік,Львів,2023-12-18,59
1175,Марія Коваленко,28,Чоловік,Львів,2023-11-24,69
1176,Марія Коваленко,45,Жінка,Харків,2023-05-27,55
1177,Петро Сидоров,42,Чоловік,Київ,2023-03-04,97
1178,Іван Іванов,56,Чоловік,Харків,2023-10-21,52
1179,Олена Петрова,50,Чоловік,Дніпро,2023-11-19,91
1180,Іван Іванов,18,Чоловік,Одеса,2023-11-21,60
1181,Марія Коваленко,44,Чоловік,Харків,2023-01-13,92
1182,Марія Коваленко,30,Чоловік,Львів,2023-07-08,66
1183,Олена Петрова,58,Чоловік,Львів,2023-10-14,81
1184,Іван Іванов,20,Жінка,Харків,2023-07-27,53
1185,Марія Коваленко,56,Жінка,Одеса,2023-04-24,53
1186,Марія Коваленко,23,Чоловік,Харків,2023-01-22,66
1187,Іван Іванов,25,Жінка,Одеса,2023-12-15,90
1188,Марія Коваленко,44,Жінка,Одеса,2023-08-02,68
1189,Іван Іванов,26,Жінка,Дніпро,2023-06-20,54
1190,Марія Коваленко,54,Жінка,Львів,2023-11-19,81
1191,Іван Іванов,50,Чоловік,Львів,2023-02-23,71
1192,Олена Петрова,59,Жінка,Одеса,2023-10-25,55
1193,Марія Коваленко,61,Жінка,Львів,2023-11-16,84
1194,Олена Петрова,41,Жінка,Київ,2023-05-06,71
1195,Марія Коваленко,32,Чоловік,Одеса,2023-10-04,50
1196,Марія Коваленко,49,Чоловік,Львів,2023-07-23,69
1197,Петро Сидоров,49,Чоловік,Київ,2023-07-13,71
1198,Іван Іванов,41,Чоловік,Дніпро,2023-06-18,97
1199,Олена Петрова,58,Чоловік,Львів,2023-06-01,60
1200,Олена Петрова,29,Чоловік,Київ,2023-02-04,62
1201,Олена Петрова,56,Чоловік,Харків,2023-07-03,91
1202,Іван Іванов,19,Жінка,Харків,2023-10-13,52
1203,Петро Сидоров,20,Жінка,Київ,2023-02-26,58
1204,Олена Петрова,54,Жінка,Одеса,2023-08-10,61
1205,Іван Іванов,34,Чоловік,Одеса,2023-10-30,72
1206,Марія Коваленко,19,Чоловік,Львів,2023-06-12,63
1207,Олена Петрова,19,Чоловік,Харків,2023-01-19,82
1208,Олена Петрова,45,Чоловік,Одеса,2023-09-21,67
1209,Петро Сидоров,40,Чоловік,Одеса,2023-10-09,98
1210,Олена Петрова,54,Жінка,Харків,2023-04-23,90
1211,Олена Петрова,49,Жінка,Дніпро,2023-11-23,58
1212,Марія Коваленко,50,Чоловік,Одеса,2023-01-30,72
1213,Іван Іванов,18,Чоловік,Київ,2023-05-15,59
1214,Іван Іванов,36,Чоловік,Львів,2023-03-08,68
1215,Петро Сидоров,19,Чоловік,Одеса,2023-03-06,96
1216,Марія Коваленко,61,Жінка,Одеса,2023-10-19,54
1217,Іван Іванов,43,Чоловік,Дніпро,2023-01-25,96
1218,Марія Коваленко,49,Чоловік,Київ,2023-02-06,72
1219,Іван Іванов,23,Чоловік,Львів,2023-01-01,79
1220,Марія Коваленко,49,Чоловік,Одеса,2023-02-06,74
1221,Петро Сидоров,21,Жінка,Львів,2023-05-21,77
1222,Олена Петрова,28,Чоловік,Харків,2023-08-20,83
1223,Петро Сидоров,34,Чоловік,Одеса,2023-05-16,94
1224,Іван Іванов,55,Жінка,Одеса,2023-07-07,97
1225,Петро Сидоров,41,Жінка,Харків,2023-05-08,96
1226,Олена Петрова,22,Жінка,Дніпро,2023-07-20,74
1227,Петро Сидоров,51,Чоловік,Одеса,2023-05-07,59
1228,Іван Іванов,23,Чоловік,Львів,2023-09-14,63
1229,Іван Іванов,39,Жінка,Київ,2023-06-13,91
1230,Петро Сидоров,28,Жінка,Львів,2023-02-04,95
1231,Олена Петрова,33,Жінка,Дніпро,2023-07-13,79
1232,Петро Сидоров,50,Жінка,Київ,2023-07-10,90
1233,Олена Петрова,26,Жінка,Львів,2023-04-14,74
1234,Марія Коваленко,23,Жінка,Львів,2023-01-23,63
1235,Олена Петрова,33,Чоловік,Харків,2023-09-22,84
1236,Марія Коваленко,46,Чоловік,Дніпро,2023-10-17,97
1237,Петро Сидоров,20,Чоловік,Харків,2023-09-17,83
1238,Олена Петрова,37,Жінка,Київ,2023-12-24,59
1239,Марія Коваленко,53,Жінка,Харків,2023-03-16,84
1240,Марія Коваленко,36,Жінка,Дніпро,2023-12-21,60
1241,Марія Коваленко,43,Жінка,Одеса,2023-03-13,60
1242,Іван Іванов,20,Жінка,Одеса,2023-09-16,70
1243,Петро Сидоров,36,Жінка,Київ,2023-07-07,70
1244,Марія Коваленко,37,Чоловік,Одеса,2023-06-22,71
1245,Олена Петрова,49,Чоловік,Харків,2023-10-17,94
1246,Марія Коваленко,24,Жінка,Київ,2023-02-14,56
1247,Іван Іванов,58,Чоловік,Дніпро,2023-03-02,66
1248,Петро Сидоров,50,Жінка,Київ,2023-03-24,51
1249,Іван Іванов,57,Чоловік,Київ,2023-05-03,61
1250,Іван Іванов,56,Жінка,Львів,2023-12-24,91
1251,Іван Іванов,35,Жінка,Львів,2023-01-16,67
1252,Олена Петрова,57,Чоловік,Київ,2023-03-07,60
1253,Петро Сидоров,18,Чоловік,Одеса,2023-05-25,65
1254,Петро Сидоров,28,Жінка,Львів,2023-06-11,98
1255,Олена Петрова,45,Жінка,Дніпро,2023-08-22,67
1256,Петро Сидоров,42,Чоловік,Харків,2023-05-24,84
1257,Іван Іванов,40,Чоловік,Львів,2023-12-24,75
1258,Петро Сидоров,48,Жінка,Київ,2023-07-07,65
1259,Олена Петрова,47,Чоловік,Одеса,2023-11-18,55
1260,Іван Іванов,59,Жінка,Харків,2023-01-13,93
1261,Олена Петрова,52,Жінка,Львів,2023-07-03,92
1262,Марія Коваленко,24,Жінка,Одеса,2023-04-21,96
1263,Іван Іванов,33,Жінка,Одеса,2023-10-17,96
1264,Іван Іванов,43,Чоловік,Одеса,2023-10-22,97
1265,Петро Сидоров,19,Чоловік,Київ,2023-08-03,91
1266,Іван Іванов,18,Чоловік,Дніпро,2023-04-30,61
1267,Олена Петрова,29,Чоловік,Одеса,2023-02-24,62
1268,Петро Сидоров,22,Чоловік,Харків,2023-01-27,53
1269,Марія Коваленко,54,Чоловік,Львів,2023-04-28,88
1270,Олена Петрова,49,Чоловік,Харків,2023-08-09,51
1271,Марія Коваленко,26,Жінка,Київ,2023-08-19,75
1272,Марія Коваленко,58,Чоловік,Київ,2023-02-22,76
1273,Марія Коваленко,52,Чоловік,Харків,2023-10-22,76
1274,Іван Іванов,36,Жінка,Дніпро,2023-11-17,64
1275,Олена Петрова,33,Чоловік,Київ,2023-08-21,57
1276,Олена Петрова,20,Чоловік,Київ,2023-06-07,56
1277,Іван Іванов,37,Жінка,Харків,2023-09-26,96
1278,Петро Сидоров,41,Чоловік,Київ,2023-01-21,95
1279,Марія Коваленко,50,Чоловік,Дніпро,2023-02-22,89
1280,Олена Петрова,41,Чоловік,Дніпро,2023-10-02,61
1281,Іван Іванов,28,Жінка,Дніпро,2023-11-09,62
1282,Марія Коваленко,25,Чоловік,Львів,2023-10-08,92
1283,Петро Сидоров,53,Чоловік,Дніпро,2023-08-02,66
1284,Петро Сидоров,55,Жінка,Дніпро,2023-01-31,66
1285,Марія Коваленко,57,Чоловік,Львів,2023-12-03,85
1286,Петро Сидоров,37,Жінка,Одеса,2023-07-02,70
1287,Олена Петрова,52,Жінка,Київ,2023-01-23,57
1288,Олена Петрова,42,Чоловік,Дніпро,2023-02-01,54
1289,Олена Петрова,52,Жінка,Київ,2023-03-15,75
1290,Петро Сидоров,42,Жінка,Харків,2023-01-10,65
1291,Олена Петрова,46,Чоловік,Київ,2023-02-23,85
1292,Іван Іванов,35,Жінка,Львів,2023-02-21,77
1293,Олена Петрова,63,Жінка,Київ,2023-05-28,78
1294,Олена Петрова,35,Чоловік,Київ,2023-06-09,96
1295,Петро Сидоров,19,Чоловік,Київ,2023-01-14,61
1296,Олена Петрова,52,Чоловік,Одеса,2023-06-27,86
1297,Марія Коваленко,33,Жінка,Одеса,2023-02-22,79
1298,Іван Іванов,58,Чоловік,Харків,2023-12-01,72
1299,Петро Сидоров,53,Жінка,Львів,2023-01-22,65
1300,Іван Іванов,50,Жінка,Київ,2023-01-30,63
1301,Марія Коваленко,21,Жінка,Київ,2023-07-10,59
1302,Петро Сидоров,50,Жінка,Київ,2023-09-17,56
1303,Петро Сидоров,31,Жінка,Київ,2023-07-24,94
1304,Олена Петрова,38,Жінка,Одеса,2023-02-28,86
1305,Іван Іванов,37,Жінка,Харків,2023-09-21,78
1306,Марія Коваленко,25,Чоловік,Дніпро,2023-01-12,52
1307,Марія Коваленко,24,Чоловік,Львів,2023-04-29,64
1308,Петро Сидоров,20,Жінка,Київ,2023-10-17,85
1309,Олена Петрова,34,Жінка,Харків,2023-12-04,96
1310,Петро Сидоров,50,Чоловік,Дніпро,2023-09-05,95
1311,Петро Сидоров,29,Жінка,Харків,2023-12-20,68
1312,Петро Сидоров,39,Чоловік,Одеса,2023-05-07,62
1313,Петро Сидоров,39,Чоловік,Дніпро,2023-03-16,91
1314,Марія Коваленко,63,Чоловік,Харків,2023-12-27,70
1315,Марія Коваленко,47,Жінка,Одеса,2023-07-23,86
1316,Петро Сидоров,55,Жінка,Харків,2023-02-18,76
1317,Петро Сидоров,55,Чоловік,Харків,2023-03-20,78
1318,Олена Петрова,62,Чоловік,Дніпро,2023-08-29,69
1319,Петро Сидоров,25,Чоловік,Одеса,2023-12-15,74
1320,Марія Коваленко,44,Чоловік,Київ,2023-06-03,55
1321,Іван Іванов,44,Чоловік,Львів,2023-10-01,85
1322,Марія Коваленко,51,Жінка,Дніпро,2023-04-06,51
1323,Олена Петрова,38,Чоловік,Одеса,2023-08-02,71
1324,Марія Коваленко,47,Жінка,Харків,2023-10-21,81
1325,Іван Іванов,50,Чоловік,Одеса,2023-07-28,65
1326,Петро Сидоров,45,Жінка,Львів,2023-12-09,67
1327,Іван Іванов,64,Жінка,Львів,2023-03-29,54
1328,Петро Сидоров,50,Жінка,Київ,2023-11-02,85
1329,Петро Сидоров,22,Жінка,Київ,2023-09-21,79
1330,Марія Коваленко,36,Жінка,Львів,2023-11-21,94
1331,Марія Коваленко,21,Жінка,Дніпро,2023-11-16,68
1332,Марія Коваленко,52,Чоловік,Дніпро,2023-06-06,72
1333,Олена Петрова,34,Жінка,Харків,2023-06-05,83
1334,Марія Коваленко,61,Чоловік,Київ,2023-05-19,62
1335,Олена Петрова,45,Жінка,Харків,2023-05-01,92
1336,Марія Коваленко,47,Жінка,Київ,2023-03-06,78
1337,Петро Сидоров,46,Чоловік,Львів,2023-04-17,85
1338,Олена Петрова,63,Жінка,Дніпро,2023-05-27,71
1339,Іван Іванов,23,Чоловік,Дніпро,2023-05-17,96
1340,Олена Петрова,52,Чоловік,Львів,2023-06-11,85
1341,Олена Петрова,58,Чоловік,Харків,2023-04-10,58
1342,Іван Іванов,54,Чоловік,Харків,2023-12-04,88
1343,Олена Петрова,41,Жінка,Одеса,2023-11-03,68
1344,Петро Сидоров,46,Жінка,Київ,2023-05-21,87
1345,Марія Коваленко,63,Чоловік,Харків,2023-03-24,55
1346,Іван Іванов,48,Жінка,Львів,2023-06-26,96
1347,Марія Коваленко,52,Жінка,Харків,2023-07-17,64
1348,Петро Сидоров,50,Чоловік,Дніпро,2023-04-22,69
1349,Іван Іванов,38,Жінка,Київ,2023-02-25,58
1350,Марія Коваленко,49,Чоловік,Одеса,2023-06-28,81
1351,Марія Коваленко,40,Чоловік,Київ,2023-07-05,53
1352,Петро Сидоров,50,Жінка,Дніпро,2023-08-06,99
1353,Марія Коваленко,20,Жінка,Дніпро,2023-11-12,67
1354,Петро Сидоров,35,Жінка,Дніпро,2023-08-05,54
1355,Олена Петрова,42,Чоловік,Дніпро,2023-04-30,69
1356,Петро Сидоров,59,Чоловік,Львів,2023-06-24,72
1357,Олена Петрова,48,Жінка,Одеса,2023-01-23,60
1358,Іван Іванов,20,Жінка,Дніпро,2023-08-01,86
1359,Марія Коваленко,57,Жінка,Дніпро,2023-08-23,71
1360,Петро Сидоров,63,Жінка,Харків,2023-01-13,53
1361,Петро Сидоров,41,Чоловік,Одеса,2023-04-11,78
1362,Марія Коваленко,49,Жінка,Київ,2023-01-24,93
1363,Марія Коваленко,64,Чоловік,Одеса,2023-12-30,83
1364,Іван Іванов,39,Чоловік,Одеса,2023-01-11,62
1365,Іван Іванов,40,Жінка,Одеса,2023-09-30,91
1366,Петро Сидоров,19,Жінка,Дніпро,2023-10-08,58
1367,Іван Іванов,44,Жінка,Дніпро,2023-04-04,91
1368,Олена Петрова,59,Чоловік,Львів,2023-07-20,80
1369,Іван Іванов,19,Жінка,Київ,2023-01-21,56
1370,Іван Іванов,43,Жінка,Харків,2023-12-06,53
1371,Петро Сидоров,34,Чоловік,Одеса,2023-07-30,68
1372,Олена Петрова,57,Жінка,Київ,2023-05-20,91
1373,Іван Іванов,50,Чоловік,Київ,2023-10-20,79
1374,Олена Петрова,26,Жінка,Львів,2023-10-25,80
1375,Олена Петрова,60,Чоловік,Харків,2023-04-11,84
1376,Олена Петрова,56,Жінка,Одеса,2023-10-31,70
1377,Марія Коваленко,46,Жінка,Харків,2023-12-25,80
1378,Марія Коваленко,59,Чоловік,Львів,2023-01-28,68
1379,Марія Коваленко,43,Чоловік,Дніпро,2023-02-10,80
1380,Марія Коваленко,52,Жінка,Київ,2023-12-21,81
1381,Петро Сидоров,42,Чоловік,Одеса,2023-10-30,51
1382,Іван Іванов,41,Чоловік,Дніпро,2023-05-26,59
1383,Марія Коваленко,30,Чоловік,Львів,2023-09-13,51
1384,Петро Сидоров,24,Чоловік,Харків,2023-08-15,51
1385,Іван Іванов,53,Жінка,Київ,2023-08-24,73
1386,Марія Коваленко,62,Жінка,Одеса,2023-12-27,66
1387,Іван Іванов,37,Чоловік,Дніпро,2023-01-13,81
1388,Марія Коваленко,18,Чоловік,Дніпро,2023-07-29,65
1389,Петро Сидоров,25,Чоловік,Київ,2023-08-17,65
1390,Олена Петрова,63,Чоловік,Харків,2023-04-10,95
1391,Олена Петрова,33,Жінка,Львів,2023-01-31,88
1392,Іван Іванов,31,Жінка,Харків,2023-01-16,80
1393,Петро Сидоров,29,Чоловік,Харків,2023-05-17,92
1394,Олена Петрова,40,Чоловік,Харків,2023-11-25,73
1395,Марія Коваленко,32,Чоловік,Київ,2023-06-15,50
1396,Олена Петрова,45,Жінка,Київ,2023-11-06,60
1397,Іван Іванов,51,Чоловік,Львів,2023-04-10,70
1398,Іван Іванов,19,Жінка,Харків,2023-04-19,53
1399,Петро Сидоров,49,Чоловік,Київ,2023-12-09,56
1400,Іван Іванов,40,Жінка,Львів,2023-06-22,75
1401,Олена Петрова,39,Чоловік,Львів,2023-08-25,96
1402,Олена Петрова,42,Жінка,Харків,2023-06-11,99
1403,Олена Петрова,39,Чоловік,Одеса,2023-08-04,61
1404,Олена Петрова,39,Чоловік,Харків,2023-09-21,80
1405,Петро Сидоров,59,Чоловік,Одеса,2023-09-20,66
1406,Марія Коваленко,23,Жінка,Львів,2023-10-19,82
1407,Марія Коваленко,32,Чоловік,Київ,2023-10-01,60
1408,Петро Сидоров,60,Жінка,Дніпро,2023-01-03,77
1409,Іван Іванов,54,Жінка,Львів,2023-01-28,81
1410,Марія Коваленко,50,Чоловік,Київ,2023-11-22,50
1411,Іван Іванов,25,Чоловік,Львів,2023-05-29,96
1412,Марія Коваленко,61,Чоловік,Харків,2023-01-28,77
1413,Іван Іванов,61,Жінка,Одеса,2023-11-06,91
1414,Петро Сидоров,22,Чоловік,Львів,2023-03-06,56
1415,Олена Петрова,56,Жінка,Київ,2023-12-22,51
1416,Іван Іванов,21,Жінка,Харків,2023-01-21,91
1417,Олена Петрова,23,Чоловік,Дніпро,2023-09-09,73
1418,Іван Іванов,62,Чоловік,Харків,2023-08-23,53
1419,Іван Іванов,49,Чоловік,Одеса,2023-08-15,93
1420,Іван Іванов,47,Чоловік,Харків,2023-01-13,68
1421,Іван Іванов,64,Чоловік,Дніпро,2023-11-09,75
1422,Іван Іванов,52,Чоловік,Київ,2023-02-18,60
1423,Олена Петрова,57,Жінка,Львів,2023-04-28,89
1424,Іван Іванов,33,Жінка,Одеса,2023-02-23,99
1425,Олена Петрова,30,Жінка,Дніпро,2023-05-18,92
1426,Петро Сидоров,59,Чоловік,Одеса,2023-02-22,60
1427,Марія Коваленко,47,Жінка,Харків,2023-02-13,94
1428,Іван Іванов,36,Жінка,Одеса,2023-10-30,52
1429,Марія Коваленко,34,Жінка,Дніпро,2023-02-22,61
1430,Олена Петрова,36,Жінка,Львів,2023-03-15,52
1431,Петро Сидоров,45,Жінка,Львів,2023-02-15,91
1432,Петро Сидоров,43,Чоловік,Одеса,2023-01-13,76
1433,Петро Сидоров,54,Чоловік,Київ,2023-06-14,98
1434,Марія Коваленко,43,Жінка,Одеса,2023-04-12,51
1435,Олена Петрова,40,Жінка,Харків,2023-10-07,98
1436,Іван Іванов,26,Жінка,Львів,2023-09-15,65
1437,Іван Іванов,29,Чоловік,Львів,2023-12-03,51
1438,Олена Петрова,18,Чоловік,Львів,2023-12-22,79
1439,Марія Коваленко,18,Жінка,Київ,2023-05-18,69
1440,Іван Іванов,64,Чоловік,Київ,2023-06-12,87
1441,Олена Петрова,51,Чоловік,Дніпро,2023-04-21,77
1442,Іван Іванов,49,Жінка,Одеса,2023-04-12,74
1443,Петро Сидоров,42,Чоловік,Одеса,2023-01-17,81
1444,Іван Іванов,57,Чоловік,Харків,2023-09-25,59
1445,Марія Коваленко,62,Жінка,Львів,2023-07-01,91
1446,Олена Петрова,18,Чоловік,Київ,2023-01-24,89
1447,Марія Коваленко,33,Чоловік,Харків,2023-01-29,82
1448,Олена Петрова,56,Жінка,Харків,2023-06-20,62
1449,Петро Сидоров,22,Чоловік,Київ,2023-08-16,90
1450,Олена Петрова,39,Чоловік,Одеса,2023-07-07,91
1451,Іван Іванов,46,Жінка,Львів,2023-12-12,96
1452,Іван Іванов,20,Жінка,Одеса,2023-08-18,86
1453,Петро Сидоров,29,Жінка,Харків,2023-11-17,65
1454,Олена Петрова,43,Чоловік,Львів,2023-12-06,94
1455,Петро Сидоров,33,Жінка,Дніпро,2023-04-29,71
1456,Іван Іванов,54,Чоловік,Харків,2023-06-05,69
1457,Марія Коваленко,39,Жінка,Одеса,2023-09-29,99
1458,Петро Сидоров,46,Чоловік,Одеса,2023-06-24,92
1459,Марія Коваленко,31,Жінка,Одеса,2023-04-14,76
1460,Марія Коваленко,45,Жінка,Київ,2023-04-02,90
1461,Олена Петрова,22,Жінка,Харків,2023-07-05,65
1462,Петро Сидоров,64,Жінка,Львів,2023-10-10,83
1463,Марія Коваленко,47,Чоловік,Одеса,2023-06-30,81
1464,Марія Коваленко,63,Жінка,Одеса,2023-06-19,75
1465,Олена Петрова,22,Жінка,Київ,2023-07-06,74
1466,Олена Петрова,29,Чоловік,Львів,2023-06-24,51
1467,Іван Іванов,33,Жінка,Харків,2023-08-10,61
1468,Марія Коваленко,43,Чоловік,Дніпро,2023-08-21,89
1469,Іван Іванов,43,Жінка,Київ,2023-06-11,58
1470,Марія Коваленко,38,Жінка,Харків,2023-05-14,61
1471,Іван Іванов,56,Жінка,Дніпро,2023-08-12,75
1472,Олена Петрова,53,Чоловік,Одеса,2023-06-02,58
1473,Петро Сидоров,50,Жінка,Одеса,2023-02-02,59
1474,Олена Петрова,47,Жінка,Львів,2023-02-24,81
1475,Іван Іванов,54,Жінка,Дніпро,2023-01-07,83
1476,Іван Іванов,40,Чоловік,Одеса,2023-09-01,97
1477,Петро Сидоров,27,Чоловік,Одеса,2023-11-09,69
1478,Марія Коваленко,22,Жінка,Львів,2023-05-06,88
1479,Іван Іванов,53,Чоловік,Харків,2023-01-12,51
1480,Іван Іванов,51,Жінка,Одеса,2023-01-16,50
1481,Іван Іванов,48,Жінка,Київ,2023-07-27,85
1482,Петро Сидоров,27,Жінка,Київ,2023-02-12,73
1483,Олена Петрова,36,Жінка,Харків,2023-05-15,76
1484,Іван Іванов,49,Жінка,Дніпро,2023-08-16,51
1485,Петро Сидоров,18,Жінка,Львів,2023-04-21,80
1486,Іван Іванов,22,Жінка,Київ,2023-11-03,63
1487,Марія Коваленко,62,Чоловік,Київ,2023-06-09,51
1488,Петро Сидоров,21,Чоловік,Харків,2023-11-27,78
1489,Іван Іванов,33,Чоловік,Дніпро,2023-09-21,64
1490,Петро Сидоров,41,Чоловік,Дніпро,2023-08-13,61
1491,Іван Іванов,33,Чоловік,Харків,2023-08-05,86
1492,Олена Петрова,19,Чоловік,Київ,2023-02-14,77
1493,Іван Іванов,45,Чоловік,Львів,2023-08-02,69
1494,Петро Сидоров,49,Жінка,Київ,2023-02-28,88
1495,Марія Коваленко,44,Жінка,Дніпро,2023-05-12,73
1496,Марія Коваленко,37,Жінка,Київ,2023-04-14,70
1497,Марія Коваленко,41,Жінка,Львів,2023-07-14,59
1498,Іван Іванов,29,Чоловік,Одеса,2023-06-06,95
1499,Олена Петрова,52,Чоловік,Київ,2023-04-08,63
1500,Іван Іванов,50,Жінка,Харків,2023-08-14,86
1501,Марія Коваленко,50,Жінка,Одеса,2023-07-24,67
1502,Петро Сидоров,60,Чоловік,Харків,2023-03-20,73
1503,Марія Коваленко,54,Жінка,Харків,2023-05-04,63
1504,Петро Сидоров,29,Жінка,Харків,2023-08-06,83
1505,Олена Петрова,20,Жінка,Київ,2023-01-04,61
1506,Петро Сидоров,18,Жінка,Дніпро,2023-03-31,71
1507,Іван Іванов,50,Чоловік,Одеса,2023-04-14,55
1508,Іван Іванов,57,Жінка,Львів,2023-04-29,85
1509,Іван Іванов,27,Жінка,Дніпро,2023-05-13,94
1510,Петро Сидоров,60,Чоловік,Київ,2023-11-08,85
1511,Іван Іванов,61,Чоловік,Харків,2023-04-06,71
1512,Іван Іванов,46,Жінка,Львів,2023-11-27,63
1513,Іван Іванов,30,Чоловік,Одеса,2023-05-23,65
1514,Олена Петрова,29,Жінка,Дніпро,2023-10-15,85
1515,Петро Сидоров,48,Жінка,Дніпро,2023-01-28,74
1516,Петро Сидоров,63,Чоловік,Львів,2023-10-05,81
1517,Марія Коваленко,19,Жінка,Київ,2023-08-21,82
1518,Петро Сидоров,52,Жінка,Одеса,2023-01-17,94
1519,Олена Петрова,40,Жінка,Львів,2023-02-28,85
1520,Петро Сидоров,34,Жінка,Харків,2023-03-31,69
1521,Олена Петрова,43,Чоловік,Одеса,2023-07-18,67
1522,Олена Петрова,25,Чоловік,Дніпро,2023-12-28,87
1523,Петро Сидоров,46,Жінка,Львів,2023-01-26,52
1524,Марія Коваленко,43,Чоловік,Дніпро,2023-01-25,72
1525,Іван Іванов,27,Жінка,Дніпро,2023-10-28,81
1526,Іван Іванов,43,Жінка,Дніпро,2023-12-05,94
1527,Петро Сидоров,51,Жінка,Київ,2023-09-24,65
1528,Петро Сидоров,58,Жінка,Дніпро,2023-06-30,54
1529,Олена Петрова,24,Жінка,Харків,2023-12-26,53
1530,Петро Сидоров,21,Чоловік,Харків,2023-03-09,70
1531,Олена Петрова,62,Жінка,Одеса,2023-12-17,89
1532,Марія Коваленко,28,Чоловік,Дніпро,2023-11-17,63
1533,Петро Сидоров,46,Чоловік,Дніпро,2023-02-18,88
1534,Іван Іванов,53,Жінка,Львів,2023-06-24,80
1535,Іван Іванов,42,Жінка,Київ,2023-02-21,63
1536,Петро Сидоров,38,Жінка,Одеса,2023-04-12,55
1537,Олена Петрова,53,Жінка,Дніпро,2023-08-04,61
1538,Іван Іванов,27,Жінка,Львів,2023-07-07,65
1539,Олена Петрова,54,Чоловік,Київ,2023-02-26,66
1540,Петро Сидоров,26,Жінка,Одеса,2023-02-16,94
1541,Петро Сидоров,41,Жінка,Одеса,2023-06-08,72
1542,Іван Іванов,52,Чоловік,Дніпро,2023-06-23,63
1543,Петро Сидоров,52,Чоловік,Одеса,2023-08-30,56
1544,Марія Коваленко,53,Жінка,Львів,2023-10-09,95
1545,Марія Коваленко,35,Чоловік,Одеса,2023-08-29,81
1546,Іван Іванов,56,Жінка,Харків,2023-01-05,64
1547,Марія Коваленко,49,Чоловік,Львів,2023-03-25,93
1548,Олена Петрова,41,Чоловік,Київ,2023-11-04,66
1549,Іван Іванов,40,Жінка,Київ,2023-12-27,90
1550,Іван Іванов,49,Чоловік,Дніпро,2023-09-05,96
1551,Олена Петрова,54,Чоловік,Дніпро,2023-02-23,93
1552,Марія Коваленко,29,Чоловік,Харків,2023-06-10,83
1553,Марія Коваленко,30,Чоловік,Київ,2023-08-14,54
1554,Марія Коваленко,40,Чоловік,Київ,2023-01-15,94
1555,Іван Іванов,42,Чоловік,Київ,2023-08-12,76
1556,Іван Іванов,52,Жінка,Київ,2023-03-02,72
1557,Марія Коваленко,58,Жінка,Одеса,2023-05-02,89
1558,Петро Сидоров,47,Чоловік,Львів,2023-10-04,63
1559,Марія Коваленко,34,Жінка,Львів,2023-02-15,64
1560,Олена Петрова,37,Жінка,Харків,2023-10-21,92
1561,Іван Іванов,42,Жінка,Одеса,2023-03-03,82
1562,Олена Петрова,39,Чоловік,Київ,2023-03-27,80
1563,Олена Петрова,30,Жінка,Київ,2023-07-29,84
1564,Іван Іванов,36,Чоловік,Дніпро,2023-03-19,66
1565,Петро Сидоров,53,Жінка,Дніпро,2023-07-21,77
1566,Марія Коваленко,29,Чоловік,Харків,2023-10-29,68
1567,Олена Петрова,58,Чоловік,Київ,2023-08-11,95
1568,Іван Іванов,36,Жінка,Харків,2023-08-10,72
1569,Олена Петрова,29,Жінка,Одеса,2023-01-03,81
1570,Марія Коваленко,26,Чоловік,Львів,2023-01-06,89
1571,Петро Сидоров,24,Жінка,Київ,2023-04-03,62
1572,Петро Сидоров,45,Жінка,Одеса,2023-01-08,69
1573,Петро Сидоров,31,Жінка,Київ,2023-08-23,84
1574,Іван Іванов,48,Чоловік,Дніпро,2023-04-18,54
1575,Іван Іванов,36,Чоловік,Харків,2023-06-10,58
1576,Петро Сидоров,64,Жінка,Дніпро,2023-07-28,78
1577,Марія Коваленко,33,Жінка,Львів,2023-08-28,55
1578,Марія Коваленко,22,Жінка,Дніпро,2023-11-27,74
1579,Іван Іванов,52,Чоловік,Київ,2023-11-29,80
1580,Петро Сидоров,29,Чоловік,Дніпро,2023-02-19,71
1581,Марія Коваленко,42,Жінка,Київ,2023-01-11,51
1582,Марія Коваленко,38,Жінка,Львів,2023-12-17,94
1583,Марія Коваленко,53,Жінка,Дніпро,2023-06-05,54
1584,Іван Іванов,40,Жінка,Харків,2023-03-11,76
1585,Петро Сидоров,33,Жінка,Харків,2023-06-18,74
1586,Олена Петрова,56,Жінка,Харків,2023-09-29,57
1587,Петро Сидоров,62,Чоловік,Дніпро,2023-03-09,50
1588,Петро Сидоров,59,Жінка,Дніпро,2023-12-21,69
1589,Іван Іванов,56,Чоловік,Дніпро,2023-09-09,93
1590,Марія Коваленко,31,Жінка,Київ,2023-02-17,72
1591,Марія Коваленко,48,Жінка,Львів,2023-07-03,81
1592,Іван Іванов,22,Чоловік,Харків,2023-11-16,60
1593,Іван Іванов,52,Чоловік,Київ,2023-07-06,88
1594,Іван Іванов,40,Чоловік,Харків,2023-03-31,96
1595,Іван Іванов,46,Чоловік,Київ,2023-11-28,73
1596,Іван Іванов,60,Жінка,Дніпро,2023-05-19,60
1597,Олена Петрова,28,Чоловік,Харків,2023-12-23,78
1598,Петро Сидоров,35,Жінка,Дніпро,2023-03-30,75
1599,Петро Сидоров,64,Чоловік,Харків,2023-10-01,65
1600,Петро Сидоров,29,Жінка,Одеса,2023-01-19,84
1601,Марія Коваленко,26,Жінка,Київ,2023-11-07,69
1602,Олена Петрова,27,Жінка,Одеса,2023-12-24,95
1603,Петро Сидоров,61,Жінка,Київ,2023-06-03,52
1604,Марія Коваленко,34,Жінка,Львів,2023-09-17,50
1605,Олена Петрова,55,Жінка,Харків,2023-04-18,96
1606,Олена Петрова,24,Чоловік,Львів,2023-10-12,50
1607,Марія Коваленко,63,Жінка,Львів,2023-02-28,66
1608,Олена Петрова,30,Чоловік,Київ,2023-05-05,51
1609,Марія Коваленко,57,Чоловік,Одеса,2023-12-20,78
1610,Петро Сидоров,59,Жінка,Дніпро,2023-09-30,69
1611,Марія Коваленко,26,Чоловік,Київ,2023-04-17,55
1612,Олена Петрова,44,Жінка,Дніпро,2023-10-26,57
1613,Петро Сидоров,19,Чоловік,Львів,2023-09-02,78
1614,Петро Сидоров,22,Жінка,Дніпро,2023-12-02,97
1615,Іван Іванов,46,Чоловік,Одеса,2023-09-04,82
1616,Іван Іванов,54,Жінка,Київ,2023-01-08,52
1617,Олена Петрова,55,Жінка,Одеса,2023-05-21,84
1618,Марія Коваленко,36,Жінка,Одеса,2023-12-28,54
1619,Марія Коваленко,25,Жінка,Київ,2023-01-08,76
1620,Олена Петрова,62,Чоловік,Одеса,2023-12-18,93
1621,Петро Сидоров,18,Жінка,Харків,2023-04-04,61
1622,Олена Петрова,39,Чоловік,Харків,2023-11-17,69
1623,Олена Петрова,34,Чоловік,Харків,2023-02-08,94
1624,Петро Сидоров,24,Чоловік,Дніпро,2023-03-22,69
1625,Марія Коваленко,42,Жінка,Одеса,2023-07-06,58
1626,Олена Петрова,62,Чоловік,Київ,2023-03-25,88
1627,Марія Коваленко,21,Чоловік,Київ,2023-03-29,53
1628,Олена Петрова,53,Чоловік,Дніпро,2023-08-30,68
1629,Петро Сидоров,23,Жінка,Київ,2023-12-08,87
1630,Петро Сидоров,48,Жінка,Харків,2023-04-03,76
1631,Іван Іванов,36,Чоловік,Одеса,2023-03-27,94
1632,Петро Сидоров,61,Жінка,Київ,2023-02-13,92
1633,Іван Іванов,56,Жінка,Київ,2023-05-17,62
1634,Олена Петрова,44,Чоловік,Львів,2023-03-15,62
1635,Марія Коваленко,27,Чоловік,Львів,2023-02-05,71
1636,Петро Сидоров,43,Жінка,Львів,2023-04-11,77
1637,Петро Сидоров,36,Чоловік,Одеса,2023-06-05,96
1638,Петро Сидоров,56,Жінка,Харків,2023-09-12,94
1639,Олена Петрова,20,Жінка,Харків,2023-06-20,71
1640,Іван Іванов,62,Жінка,Харків,2023-08-04,92
1641,Олена Петрова,30,Жінка,Одеса,2023-06-19,68
1642,Марія Коваленко,45,Жінка,Одеса,2023-09-09,57
1643,Олена Петрова,37,Жінка,Львів,2023-12-26,57
1644,Марія Коваленко,45,Чоловік,Київ,2023-11-18,91
1645,Петро Сидоров,25,Чоловік,Дніпро,2023-02-24,75
1646,Марія Коваленко,58,Жінка,Дніпро,2023-04-01,97
1647,Марія Коваленко,56,Жінка,Київ,2023-10-05,75
1648,Іван Іванов,18,Жінка,Львів,2023-04-11,72
1649,Марія Коваленко,20,Чоловік,Київ,2023-06-04,92
1650,Марія Коваленко,30,Жінка,Київ,2023-12-15,62
1651,Олена Петрова,45,Чоловік,Дніпро,2023-12-30,77
1652,Петро Сидоров,42,Жінка,Львів,2023-05-21,58
1653,Олена Петрова,50,Жінка,Одеса,2023-06-22,69
1654,Олена Петрова,55,Чоловік,Дніпро,2023-01-10,68
1655,Петро Сидоров,23,Чоловік,Одеса,2023-08-16,97
1656,Петро Сидоров,61,Жінка,Львів,2023-09-22,88
1657,Марія Коваленко,62,Жінка,Київ,2023-09-05,61
1658,Марія Коваленко,49,Жінка,Харків,2023-09-04,64
1659,Іван Іванов,62,Чоловік,Харків,2023-06-04,80
1660,Олена Петрова,64,Чоловік,Львів,2023-02-03,63
1661,Петро Сидоров,38,Чоловік,Харків,2023-05-09,60
1662,Марія Коваленко,33,Чоловік,Одеса,2023-06-09,75
1663,Петро Сидоров,38,Чоловік,Харків,2023-03-30,91
1664,Марія Коваленко,28,Чоловік,Львів,2023-04-03,76
1665,Іван Іванов,54,Жінка,Львів,2023-11-23,60
1666,Іван Іванов,53,Жінка,Одеса,2023-08-29,87
1667,Петро Сидоров,52,Чоловік,Харків,2023-11-19,83
1668,Іван Іванов,36,Жінка,Харків,2023-04-27,92
1669,Петро Сидоров,37,Жінка,Київ,2023-04-04,68
1670,Марія Коваленко,35,Чоловік,Дніпро,2023-06-12,55
1671,Олена Петрова,64,Жінка,Львів,2023-04-09,95
1672,Іван Іванов,58,Чоловік,Київ,2023-04-23,87
1673,Марія Коваленко,31,Чоловік,Львів,2023-12-25,98
1674,Олена Петрова,32,Жінка,Київ,2023-04-01,91
1675,Олена Петрова,48,Чоловік,Дніпро,2023-12-12,77
1676,Олена Петрова,18,Чоловік,Київ,2023-07-25,50
1677,Марія Коваленко,20,Чоловік,Львів,2023-01-17,84
1678,Марія Коваленко,33,Чоловік,Харків,2023-10-01,89
1679,Петро Сидоров,40,Чоловік,Львів,2023-06-22,57
1680,Олена Петрова,28,Чоловік,Одеса,2023-04-26,96
1681,Олена Петрова,29,Чоловік,Одеса,2023-12-15,56
1682,Олена Петрова,27,Чоловік,Одеса,2023-06-30,60
1683,Петро Сидоров,49,Жінка,Одеса,2023-04-01,88
1684,Олена Петрова,33,Жінка,Дніпро,2023-03-23,53
1685,Марія Коваленко,25,Жінка,Харків,2023-11-20,74
1686,Олена Петрова,55,Чоловік,Харків,2023-04-24,61
1687,Іван Іванов,29,Чоловік,Львів,2023-09-14,75
1688,Марія Коваленко,41,Жінка,Київ,2023-02-27,87
1689,Петро Сидоров,45,Жінка,Львів,2023-06-03,95
1690,Олена Петрова,25,Жінка,Львів,2023-12-31,61
1691,Іван Іванов,45,Чоловік,Львів,2023-04-26,92
1692,Петро Сидоров,53,Жінка,Львів,2023-12-09,86
1693,Петро Сидоров,43,Жінка,Харків,2023-09-23,95
1694,Марія Коваленко,25,Чоловік,Київ,2023-11-11,73
1695,Петро Сидоров,45,Жінка,Львів,2023-07-22,65
1696,Петро Сидоров,45,Чоловік,Харків,2023-02-10,62
1697,Петро Сидоров,54,Чоловік,Львів,2023-04-15,74
1698,Петро Сидоров,58,Чоловік,Одеса,2023-07-12,53
1699,Олена Петрова,53,Жінка,Львів,2023-10-05,60
1700,Олена Петрова,44,Жінка,Львів,2023-12-20,81
1701,Олена Петрова,34,Чоловік,Дніпро,2023-08-25,98
1702,Олена Петрова,26,Жінка,Одеса,2023-08-09,56
1703,Іван Іванов,50,Жінка,Київ,2023-03-09,95
1704,Олена Петрова,37,Жінка,Львів,2023-07-16,60
1705,Петро Сидоров,30,Жінка,Київ,2023-09-13,77
1706,Олена Петрова,45,Чоловік,Одеса,2023-05-19,90
1707,Олена Петрова,46,Жінка,Львів,2023-11-08,72
1708,Марія Коваленко,30,Чоловік,Дніпро,2023-05-29,94
1709,Петро Сидоров,63,Чоловік,Харків,2023-04-09,72
1710,Олена Петрова,52,Жінка,Дніпро,2023-03-17,99
1711,Олена Петрова,23,Чоловік,Дніпро,2023-10-09,77
1712,Олена Петрова,35,Жінка,Харків,2023-04-19,92
1713,Іван Іванов,22,Жінка,Харків,2023-07-07,96
1714,Олена Петрова,64,Чоловік,Харків,2023-07-18,75
1715,Марія Коваленко,42,Чоловік,Львів,2023-10-30,74
1716,Петро Сидоров,19,Чоловік,Київ,2023-11-23,78
1717,Петро Сидоров,27,Чоловік,Київ,2023-06-03,68
1718,Олена Петрова,47,Жінка,Харків,2023-02-09,82
1719,Олена Петрова,62,Жінка,Дніпро,2023-05-13,85
1720,Олена Петрова,22,Жінка,Одеса,2023-05-12,63
1721,Петро Сидоров,50,Чоловік,Харків,2023-10-06,63
1722,Петро Сидоров,18,Чоловік,Дніпро,2023-12-28,84
1723,Іван Іванов,35,Чоловік,Дніпро,2023-03-25,79
1724,Марія Коваленко,49,Жінка,Львів,2023-08-30,77
1725,Іван Іванов,64,Чоловік,Львів,2023-04-26,66
1726,Марія Коваленко,28,Жінка,Київ,2023-04-19,52
1727,Іван Іванов,38,Чоловік,Київ,2023-08-09,65
1728,Петро Сидоров,43,Жінка,Одеса,2023-02-10,95
1729,Іван Іванов,42,Жінка,Одеса,2023-05-27,79
1730,Марія Коваленко,39,Чоловік,Одеса,2023-04-22,78
1731,Олена Петрова,44,Чоловік,Одеса,2023-04-13,94
1732,Марія Коваленко,30,Жінка,Дніпро,2023-02-15,64
1733,Олена Петрова,50,Жінка,Дніпро,2023-11-20,95
1734,Петро Сидоров,51,Чоловік,Київ,2023-09-28,74
1735,Марія Коваленко,58,Чоловік,Львів,2023-07-14,87
1736,Іван Іванов,52,Жінка,Львів,2023-10-07,91
1737,Марія Коваленко,18,Чоловік,Харків,2023-10-10,96
1738,Олена Петрова,38,Жінка,Дніпро,2023-02-09,87
1739,Петро Сидоров,23,Жінка,Одеса,2023-07-08,72
1740,Іван Іванов,45,Чоловік,Одеса,2023-06-13,74
1741,Марія Коваленко,34,Чоловік,Харків,2023-01-24,91
1742,Олена Петрова,22,Чоловік,Львів,2023-01-24,56
1743,Іван Іванов,48,Чоловік,Одеса,2023-01-04,71
1744,Петро Сидоров,22,Чоловік,Львів,2023-11-19,66
1745,Іван Іванов,55,Жінка,Харків,2023-10-17,67
1746,Петро Сидоров,20,Жінка,Львів,2023-06-30,98
1747,Іван Іванов,40,Чоловік,Львів,2023-09-05,90
1748,Марія Коваленко,54,Чоловік,Львів,2023-04-26,59
1749,Олена Петрова,54,Чоловік,Одеса,2023-10-06,59
1750,Марія Коваленко,27,Жінка,Київ,2023-12-31,56
1751,Марія Коваленко,27,Чоловік,Дніпро,2023-03-10,97
1752,Петро Сидоров,36,Чоловік,Львів,2023-12-17,99
1753,Петро Сидоров,34,Жінка,Львів,2023-09-11,87
1754,Петро Сидоров,38,Жінка,Львів,2023-06-30,76
1755,Марія Коваленко,31,Чоловік,Київ,2023-11-14,82
1756,Іван Іванов,26,Чоловік,Харків,2023-06-18,50
1757,Іван Іванов,63,Чоловік,Одеса,2023-11-09,93
1758,Марія Коваленко,18,Жінка,Київ,2023-09-06,83
1759,Марія Коваленко,62,Чоловік,Львів,2023-07-07,53
1760,Олена Петрова,30,Чоловік,Київ,2023-02-23,66
1761,Петро Сидоров,21,Чоловік,Київ,2023-11-22,53
1762,Петро Сидоров,18,Жінка,Київ,2023-12-23,92
1763,Марія Коваленко,57,Жінка,Харків,2023-11-09,75
1764,Марія Коваленко,49,Чоловік,Дніпро,2023-05-18,53
1765,Іван Іванов,51,Чоловік,Одеса,2023-06-17,50
1766,Марія Коваленко,45,Жінка,Харків,2023-04-13,56
1767,Іван Іванов,48,Жінка,Харків,2023-03-26,79
1768,Марія Коваленко,25,Жінка,Дніпро,2023-11-13,99
1769,Олена Петрова,56,Жінка,Харків,2023-07-31,58
1770,Олена Петрова,43,Жінка,Київ,2023-01-03,84
1771,Іван Іванов,51,Жінка,Київ,2023-06-28,57
1772,Петро Сидоров,20,Жінка,Львів,2023-12-08,73
1773,Олена Петрова,29,Жінка,Харків,2023-10-30,68
1774,Іван Іванов,18,Жінка,Львів,2023-11-28,85
1775,Марія Коваленко,61,Чоловік,Одеса,2023-02-07,99
1776,Марія Коваленко,22,Чоловік,Київ,2023-08-27,92
1777,Іван Іванов,47,Чоловік,Одеса,2023-06-18,76
1778,Петро Сидоров,47,Жінка,Дніпро,2023-12-09,81
1779,Іван Іванов,34,Чоловік,Київ,2023-11-10,63
1780,Іван Іванов,64,Жінка,Одеса,2023-11-02,67
1781,Олена Петрова,40,Жінка,Дніпро,2023-01-30,77
1782,Іван Іванов,32,Чоловік,Одеса,2023-07-09,78
1783,Іван Іванов,54,Жінка,Дніпро,2023-12-23,65
1784,Марія Коваленко,38,Чоловік,Дніпро,2023-01-25,84
1785,Олена Петрова,31,Чоловік,Київ,2023-04-22,96
1786,Марія Коваленко,19,Чоловік,Львів,2023-07-25,80
1787,Марія Коваленко,28,Жінка,Дніпро,2023-07-04,53
1788,Петро Сидоров,56,Чоловік,Дніпро,2023-02-16,86
1789,Петро Сидоров,55,Жінка,Київ,2023-08-16,66
1790,Олена Петрова,51,Чоловік,Львів,2023-02-08,88
1791,Олена Петрова,55,Чоловік,Харків,2023-01-16,97
1792,Петро Сидоров,51,Чоловік,Харків,2023-01-22,95
1793,Петро Сидоров,35,Жінка,Львів,2023-08-01,75
1794,Петро Сидоров,47,Жінка,Одеса,2023-11-06,97
1795,Петро Сидоров,32,Жінка,Київ,2023-05-29,88
1796,Петро Сидоров,44,Чоловік,Львів,2023-08-29,90
1797,Марія Коваленко,51,Чоловік,Харків,2023-09-29,53
1798,Олена Петрова,55,Жінка,Дніпро,2023-02-28,79
1799,Марія Коваленко,50,Жінка,Харків,2023-10-14,79
1800,Марія Коваленко,41,Жінка,Дніпро,2023-07-21,71
1801,Іван Іванов,32,Жінка,Київ,2023-02-01,60
1802,Марія Коваленко,47,Жінка,Дніпро,2023-06-11,51
1803,Петро Сидоров,59,Жінка,Львів,2023-09-12,93
1804,Петро Сидоров,34,Чоловік,Дніпро,2023-09-11,61
1805,Іван Іванов,22,Жінка,Одеса,2023-01-09,79
1806,Іван Іванов,46,Чоловік,Львів,2023-05-19,85
1807,Іван Іванов,21,Чоловік,Київ,2023-01-10,67
1808,Іван Іванов,27,Жінка,Львів,2023-08-02,75
1809,Іван Іванов,34,Жінка,Одеса,2023-09-30,56
1810,Марія Коваленко,27,Чоловік,Київ,2023-11-20,50
1811,Іван Іванов,34,Жінка,Харків,2023-02-17,75
1812,Марія Коваленко,37,Жінка,Одеса,2023-04-21,72
1813,Олена Петрова,41,Чоловік,Київ,2023-06-02,75
1814,Іван Іванов,22,Чоловік,Дніпро,2023-05-03,94
1815,Іван Іванов,51,Чоловік,Львів,2023-12-23,55
1816,Марія Коваленко,23,Жінка,Київ,2023-04-12,55
1817,Олена Петрова,19,Чоловік,Львів,2023-08-29,93
1818,Марія Коваленко,30,Жінка,Дніпро,2023-11-17,57
1819,Марія Коваленко,60,Чоловік,Київ,2023-07-10,73
1820,Іван Іванов,60,Чоловік,Харків,2023-08-05,71
1821,Петро Сидоров,28,Чоловік,Одеса,2023-02-20,68
1822,Петро Сидоров,64,Жінка,Київ,2023-10-19,86
1823,Марія Коваленко,40,Жінка,Дніпро,2023-03-22,67
1824,Іван Іванов,33,Чоловік,Київ,2023-03-29,80
1825,Олена Петрова,48,Чоловік,Львів,2023-07-13,86
1826,Петро Сидоров,28,Чоловік,Київ,2023-04-14,79
1827,Олена Петрова,33,Жінка,Харків,2023-09-28,91
1828,Петро Сидоров,25,Чоловік,Київ,2023-04-06,82
1829,Іван Іванов,21,Жінка,Одеса,2023-07-17,59
1830,Марія Коваленко,57,Чоловік,Київ,2023-01-01,86
1831,Олена Петрова,21,Чоловік,Львів,2023-06-16,61
1832,Олена Петрова,42,Чоловік,Київ,2023-05-06,79
1833,Марія Коваленко,20,Чоловік,Харків,2023-11-09,76
1834,Олена Петрова,49,Чоловік,Дніпро,2023-03-22,88
1835,Петро Сидоров,20,Чоловік,Київ,2023-09-08,58
1836,Марія Коваленко,44,Жінка,Київ,2023-06-18,70
1837,Петро Сидоров,46,Чоловік,Одеса,2023-03-14,61
1838,Петро Сидоров,49,Жінка,Харків,2023-05-21,78
1839,Іван Іванов,36,Чоловік,Дніпро,2023-03-11,82
1840,Петро Сидоров,38,Чоловік,Львів,2023-09-19,92
1841,Іван Іванов,22,Жінка,Київ,2023-12-06,64
1842,Олена Петрова,35,Чоловік,Дніпро,2023-11-04,51
1843,Олена Петрова,45,Жінка,Львів,2023-09-02,88
1844,Іван Іванов,59,Жінка,Харків,2023-01-03,93
1845,Петро Сидоров,39,Чоловік,Харків,2023-12-03,67
1846,Марія Коваленко,38,Жінка,Дніпро,2023-03-04,52
1847,Марія Коваленко,23,Жінка,Львів,2023-02-18,56
1848,Іван Іванов,18,Чоловік,Харків,2023-03-17,92
1849,Олена Петрова,22,Жінка,Дніпро,2023-06-24,67
1850,Олена Петрова,58,Чоловік,Харків,2023-04-19,93
1851,Марія Коваленко,29,Чоловік,Харків,2023-07-02,87
1852,Іван Іванов,43,Чоловік,Харків,2023-07-11,86
1853,Марія Коваленко,63,Чоловік,Одеса,2023-03-06,82
1854,Петро Сидоров,51,Жінка,Львів,2023-12-03,93
1855,Петро Сидоров,31,Чоловік,Дніпро,2023-09-28,80
1856,Іван Іванов,43,Чоловік,Дніпро,2023-04-10,60
1857,Іван Іванов,62,Жінка,Львів,2023-02-01,53
1858,Петро Сидоров,44,Чоловік,Львів,2023-12-18,67
1859,Олена Петрова,26,Чоловік,Львів,2023-05-08,53
1860,Іван Іванов,43,Жінка,Львів,2023-12-05,98
1861,Петро Сидоров,64,Жінка,Київ,2023-02-12,83
1862,Петро Сидоров,39,Жінка,Дніпро,2023-03-19,78
1863,Олена Петрова,64,Жінка,Київ,2023-11-10,73
1864,Олена Петрова,47,Жінка,Харків,2023-10-16,71
1865,Олена Петрова,60,Жінка,Харків,2023-09-27,51
1866,Олена Петрова,34,Жінка,Дніпро,2023-06-11,93
1867,Марія Коваленко,43,Чоловік,Харків,2023-07-08,55
1868,Олена Петрова,53,Жінка,Львів,2023-09-04,91
1869,Марія Коваленко,18,Жінка,Київ,2023-08-04,74
1870,Іван Іванов,25,Жінка,Львів,2023-11-11,70
1871,Петро Сидоров,52,Чоловік,Харків,2023-12-05,65
1872,Марія Коваленко,32,Чоловік,Київ,2023-06-17,80
1873,Іван Іванов,64,Жінка,Львів,2023-12-05,63
1874,Іван Іванов,39,Жінка,Дніпро,2023-07-12,88
1875,Марія Коваленко,31,Жінка,Львів,2023-10-10,77
1876,Іван Іванов,43,Чоловік,Харків,2023-12-02,81
1877,Іван Іванов,45,Чоловік,Київ,2023-01-13,77
1878,Марія Коваленко,40,Жінка,Дніпро,2023-08-28,98
1879,Іван Іванов,31,Чоловік,Київ,2023-11-16,58
1880,Олена Петрова,41,Жінка,Дніпро,2023-05-27,94
1881,Олена Петрова,19,Чоловік,Київ,2023-07-23,71
1882,Петро Сидоров,62,Чоловік,Харків,2023-03-21,81
1883,Іван Іванов,43,Жінка,Дніпро,2023-02-12,54
1884,Петро Сидоров,31,Жінка,Одеса,2023-03-30,72
1885,Олена Петрова,24,Жінка,Київ,2023-05-28,54
1886,Олена Петрова,20,Жінка,Київ,2023-04-05,91
1887,Олена Петрова,64,Чоловік,Львів,2023-05-31,81
1888,Іван Іванов,40,Чоловік,Дніпро,2023-01-02,59
1889,Іван Іванов,63,Чоловік,Одеса,2023-01-22,88
1890,Олена Петрова,60,Жінка,Харків,2023-11-09,64
1891,Петро Сидоров,64,Чоловік,Львів,2023-11-24,56
1892,Петро Сидоров,62,Жінка,Одеса,2023-01-07,78
1893,Марія Коваленко,35,Чоловік,Дніпро,2023-07-25,96
1894,Олена Петрова,55,Жінка,Одеса,2023-04-24,52
1895,Петро Сидоров,52,Жінка,Київ,2023-09-29,68
1896,Олена Петрова,32,Чоловік,Київ,2023-03-24,59
1897,Петро Сидоров,42,Жінка,Львів,2023-06-28,77
1898,Марія Коваленко,54,Жінка,Дніпро,2023-07-29,78
1899,Марія Коваленко,45,Чоловік,Дніпро,2023-11-24,64
1900,Олена Петрова,27,Жінка,Одеса,2023-05-04,84
1901,Петро Сидоров,56,Жінка,Львів,2023-04-23,55
1902,Іван Іванов,34,Жінка,Дніпро,2023-01-12,61
1903,Марія Коваленко,56,Чоловік,Київ,2023-05-06,96
1904,Олена Петрова,39,Чоловік,Одеса,2023-02-22,87
1905,Олена Петрова,43,Жінка,Харків,2023-11-27,62
1906,Петро Сидоров,61,Чоловік,Київ,2023-10-10,78
1907,Олена Петрова,42,Жінка,Львів,2023-05-20,68
1908,Марія Коваленко,34,Жінка,Дніпро,2023-04-07,52
1909,Олена Петрова,30,Жінка,Київ,2023-01-05,57
1910,Олена Петрова,37,Жінка,Харків,2023-02-26,57
1911,Іван Іванов,42,Жінка,Харків,2023-11-30,69
1912,Іван Іванов,21,Чоловік,Львів,2023-03-10,96
1913,Марія Коваленко,27,Жінка,Київ,2023-04-28,53
1914,Петро Сидоров,20,Чоловік,Одеса,2023-02-28,70
1915,Іван Іванов,58,Чоловік,Київ,2023-02-02,52
1916,Петро Сидоров,62,Жінка,Харків,2023-11-14,94
1917,Марія Коваленко,35,Жінка,Львів,2023-02-19,57
1918,Іван Іванов,64,Чоловік,Львів,2023-01-19,72
1919,Петро Сидоров,53,Чоловік,Одеса,2023-08-02,65
1920,Іван Іванов,64,Чоловік,Львів,2023-07-16,62
1921,Марія Коваленко,39,Жінка,Львів,2023-02-16,52
1922,Марія Коваленко,51,Чоловік,Львів,2023-06-16,97
1923,Іван Іванов,64,Жінка,Львів,2023-10-16,58
1924,Петро Сидоров,25,Жінка,Львів,2023-05-21,63
1925,Олена Петрова,57,Жінка,Харків,2023-03-25,62
1926,Олена Петрова,61,Чоловік,Київ,2023-07-01,56
1927,Іван Іванов,36,Жінка,Дніпро,2023-03-20,64
1928,Петро Сидоров,59,Жінка,Львів,2023-08-03,56
1929,Олена Петрова,58,Жінка,Дніпро,2023-01-14,87
1930,Марія Коваленко,54,Жінка,Дніпро,2023-08-03,83
1931,Петро Сидоров,23,Жінка,Харків,2023-05-08,90
1932,Олена Петрова,43,Чоловік,Львів,2023-11-06,71
1933,Петро Сидоров,51,Жінка,Дніпро,2023-09-05,73
1934,Іван Іванов,62,Жінка,Львів,2023-01-29,98
1935,Петро Сидоров,23,Чоловік,Одеса,2023-10-07,86
1936,Олена Петрова,54,Жінка,Одеса,2023-12-04,93
1937,Іван Іванов,50,Чоловік,Одеса,2023-11-15,50
1938,Петро Сидоров,39,Жінка,Дніпро,2023-07-21,59
1939,Марія Коваленко,38,Чоловік,Одеса,2023-12-27,92
1940,Олена Петрова,23,Чоловік,Харків,2023-02-26,65
1941,Іван Іванов,23,Жінка,Харків,2023-08-06,95
1942,Петро Сидоров,21,Жінка,Дніпро,2023-03-03,57
1943,Марія Коваленко,47,Жінка,Львів,2023-06-06,98
1944,Олена Петрова,28,Чоловік,Київ,2023-07-21,74
1945,Марія Коваленко,47,Чоловік,Львів,2023-01-17,99
1946,Петро Сидоров,48,Чоловік,Львів,2023-11-18,61
1947,Петро Сидоров,41,Жінка,Львів,2023-01-06,74
1948,Іван Іванов,26,Чоловік,Львів,2023-02-27,66
1949,Марія Коваленко,20,Чоловік,Київ,2023-11-21,75
1950,Іван Іванов,48,Жінка,Одеса,2023-11-14,95
1951,Олена Петрова,57,Чоловік,Львів,2023-06-18,97
1952,Іван Іванов,54,Чоловік,Харків,2023-03-23,63
1953,Олена Петрова,53,Жінка,Дніпро,2023-08-07,90
1954,Петро Сидоров,41,Чоловік,Дніпро,2023-06-26,85
1955,Петро Сидоров,48,Жінка,Харків,2023-07-23,72
1956,Марія Коваленко,23,Жінка,Львів,2023-03-12,92
1957,Олена Петрова,19,Жінка,Київ,2023-09-23,55
1958,Петро Сидоров,37,Жінка,Одеса,2023-04-08,96
1959,Марія Коваленко,45,Жінка,Дніпро,2023-12-11,54
1960,Марія Коваленко,28,Чоловік,Одеса,2023-10-18,92
1961,Іван Іванов,21,Чоловік,Київ,2023-07-27,74
1962,Марія Коваленко,32,Жінка,Дніпро,2023-01-02,67
1963,Петро Сидоров,23,Жінка,Одеса,2023-05-04,62
1964,Іван Іванов,47,Чоловік,Київ,2023-10-07,92
1965,Олена Петрова,55,Жінка,Одеса,2023-03-15,63
1966,Олена Петрова,19,Жінка,Львів,2023-06-15,77
1967,Петро Сидоров,32,Жінка,Київ,2023-01-22,67
1968,Петро Сидоров,28,Чоловік,Одеса,2023-06-03,77
1969,Іван Іванов,25,Чоловік,Львів,2023-10-22,76
1970,Іван Іванов,43,Жінка,Львів,2023-08-07,81
1971,Петро Сидоров,62,Жінка,Київ,2023-06-06,96
1972,Петро Сидоров,61,Чоловік,Харків,2023-08-18,58
1973,Олена Петрова,22,Чоловік,Дніпро,2023-01-20,89
1974,Олена Петрова,23,Жінка,Київ,2023-02-10,81
1975,Олена Петрова,43,Жінка,Львів,2023-05-28,69
1976,Петро Сидоров,21,Чоловік,Львів,2023-04-18,77
1977,Марія Коваленко,36,Чоловік,Київ,2023-03-25,82
1978,Петро Сидоров,37,Чоловік,Харків,2023-11-18,53
1979,Петро Сидоров,50,Жінка,Дніпро,2023-11-05,95
1980,Олена Петрова,37,Чоловік,Одеса,2023-10-17,83
1981,Петро Сидоров,29,Жінка,Київ,2023-11-19,97
1982,Іван Іванов,64,Чоловік,Дніпро,2023-05-14,52
1983,Петро Сидоров,18,Чоловік,Дніпро,2023-07-26,75
1984,Петро Сидоров,43,Чоловік,Львів,2023-10-10,57
1985,Петро Сидоров,31,Чоловік,Одеса,2023-09-23,55
1986,Петро Сидоров,55,Жінка,Київ,2023-03-14,65
1987,Марія Коваленко,54,Жінка,Львів,2023-12-18,73
1988,Петро Сидоров,28,Чоловік,Львів,2023-02-17,97
1989,Іван Іванов,53,Жінка,Харків,2023-11-22,88
1990,Іван Іванов,30,Чоловік,Дніпро,2023-08-21,79
1991,Петро Сидоров,60,Чоловік,Київ,2023-04-10,94
1992,Олена Петрова,20,Чоловік,Київ,2023-02-28,62
1993,Марія Коваленко,50,Чоловік,Київ,2023-09-15,54
1994,Петро Сидоров,23,Жінка,Львів,2023-03-06,74
1995,Петро Сидоров,27,Чоловік,Харків,2023-03-24,69
1996,Петро Сидоров,22,Чоловік,Одеса,2023-06-03,67
1997,Олена Петрова,40,Жінка,Львів,2023-09-23,96
1998,Олена Петрова,27,Чоловік,Одеса,2023-11-05,67
1999,Олена Петрова,61,Чоловік,Харків,2023-03-20,51
2000,Марія Коваленко,19,Чоловік,Дніпро,2023-11-11,59
2001,Іван Іванов,30,Жінка,Київ,2023-05-30,94
2002,Марія Коваленко,57,Чоловік,Одеса,2023-02-17,99
2003,Олена Петрова,19,Жінка,Львів,2023-09-05,96
2004,Іван Іванов,37,Чоловік,Одеса,2023-10-05,61
2005,Іван Іванов,18,Чоловік,Дніпро,2023-12-22,96
2006,Олена Петрова,54,Жінка,Київ,2023-04-08,62
2007,Олена Петрова,26,Чоловік,Одеса,2023-01-25,99
2008,Марія Коваленко,34,Чоловік,Дніпро,2023-10-11,96
2009,Олена Петрова,26,Жінка,Львів,2023-10-28,60
2010,Іван Іванов,28,Жінка,Харків,2023-03-09,68
2011,Петро Сидоров,32,Жінка,Львів,2023-01-07,84
2012,Олена Петрова,41,Жінка,Київ,2023-11-01,88
2013,Олена Петрова,55,Жінка,Львів,2023-05-17,75
2014,Марія Коваленко,52,Чоловік,Львів,2023-06-13,95
2015,Марія Коваленко,47,Жінка,Львів,2023-03-24,63
2016,Олена Петрова,48,Чоловік,Львів,2023-05-18,94
2017,Іван Іванов,22,Чоловік,Київ,2023-03-14,93
2018,Іван Іванов,61,Чоловік,Дніпро,2023-08-25,73
2019,Петро Сидоров,31,Жінка,Одеса,2023-02-15,90
2020,Олена Петрова,28,Жінка,Харків,2023-04-16,50
2021,Марія Коваленко,26,Чоловік,Одеса,2023-10-15,92
2022,Іван Іванов,51,Жінка,Одеса,2023-09-19,71
2023,Петро Сидоров,29,Жінка,Харків,2023-06-25,72
2024,Олена Петрова,52,Жінка,Київ,2023-06-15,68
2025,Іван Іванов,52,Жінка,Харків,2023-05-25,67
2026,Олена Петрова,18,Чоловік,Київ,2023-11-26,61
2027,Олена Петрова,57,Чоловік,Одеса,2023-10-10,77
2028,Іван Іванов,39,Жінка,Київ,2023-02-23,77
2029,Іван Іванов,46,Чоловік,Дніпро,2023-06-27,82
2030,Іван Іванов,25,Жінка,Харків,2023-09-01,68
2031,Олена Петрова,28,Жінка,Дніпро,2023-12-07,77
2032,Олена Петрова,58,Чоловік,Одеса,2023-05-07,98
2033,Петро Сидоров,54,Чоловік,Харків,2023-09-28,86
2034,Марія Коваленко,31,Чоловік,Одеса,2023-05-12,75
2035,Олена Петрова,47,Жінка,Дніпро,2023-04-03,84
2036,Марія Коваленко,52,Чоловік,Одеса,2023-03-14,83
2037,Іван Іванов,38,Жінка,Харків,2023-09-05,84
2038,Олена Петрова,54,Чоловік,Харків,2023-12-14,89
2039,Петро Сидоров,22,Чоловік,Одеса,2023-09-30,65
2040,Петро Сидоров,36,Жінка,Харків,2023-02-12,87
2041,Марія Коваленко,31,Жінка,Харків,2023-02-10,62
2042,Іван Іванов,43,Жінка,Одеса,2023-06-19,72
2043,Марія Коваленко,21,Жінка,Дніпро,2023-07-31,71
2044,Іван Іванов,42,Жінка,Харків,2023-06-17,65
2045,Петро Сидоров,62,Жінка,Харків,2023-02-08,77
2046,Марія Коваленко,59,Жінка,Харків,2023-09-02,97
2047,Петро Сидоров,42,Жінка,Харків,2023-05-31,84
2048,Петро Сидоров,35,Чоловік,Одеса,2023-04-21,94
2049,Іван Іванов,57,Жінка,Дніпро,2023-02-16,95
2050,Марія Коваленко,25,Жінка,Дніпро,2023-03-04,57
2051,Марія Коваленко,56,Чоловік,Київ,2023-08-13,93
2052,Петро Сидоров,57,Жінка,Харків,2023-03-10,71
2053,Петро Сидоров,31,Чоловік,Харків,2023-10-26,70
2054,Іван Іванов,49,Чоловік,Київ,2023-10-17,75
2055,Олена Петрова,55,Жінка,Дніпро,2023-10-23,89
2056,Олена Петрова,50,Чоловік,Львів,2023-07-22,70
2057,Петро Сидоров,40,Жінка,Львів,2023-03-02,74
2058,Олена Петрова,32,Чоловік,Дніпро,2023-11-14,90
2059,Олена Петрова,50,Чоловік,Харків,2023-11-10,50
2060,Олена Петрова,42,Чоловік,Львів,2023-06-10,55
2061,Олена Петрова,34,Жінка,Одеса,2023-11-27,72
2062,Петро Сидоров,50,Жінка,Одеса,2023-01-16,72
2063,Олена Петрова,64,Чоловік,Київ,2023-12-04,92
2064,Олена Петрова,19,Чоловік,Дніпро,2023-04-04,92
2065,Іван Іванов,31,Жінка,Дніпро,2023-10-31,72
2066,Петро Сидоров,57,Жінка,Львів,2023-05-18,81
2067,Марія Коваленко,57,Чоловік,Харків,2023-12-04,79
2068,Марія Коваленко,56,Чоловік,Дніпро,2023-02-07,62
2069,Іван Іванов,23,Жінка,Львів,2023-05-07,92
2070,Іван Іванов,23,Жінка,Львів,2023-10-02,67
2071,Петро Сидоров,20,Жінка,Дніпро,2023-06-13,72
2072,Марія Коваленко,24,Жінка,Львів,2023-11-15,64
2073,Олена Петрова,25,Жінка,Київ,2023-03-18,82
2074,Іван Іванов,59,Чоловік,Київ,2023-06-23,70
2075,Марія Коваленко,32,Жінка,Дніпро,2023-12-24,88
2076,Петро Сидоров,64,Чоловік,Харків,2023-11-17,72
2077,Олена Петрова,46,Жінка,Київ,2023-04-01,76
2078,Петро Сидоров,50,Чоловік,Київ,2023-08-26,94
2079,Іван Іванов,47,Жінка,Дніпро,2023-09-21,93
2080,Марія Коваленко,56,Жінка,Одеса,2023-06-28,67
2081,Марія Коваленко,44,Чоловік,Львів,2023-07-28,73
2082,Марія Коваленко,53,Чоловік,Київ,2023-03-14,96
2083,Марія Коваленко,46,Жінка,Одеса,2023-04-17,89
2084,Олена Петрова,55,Жінка,Харків,2023-12-11,91
2085,Олена Петрова,50,Жінка,Одеса,2023-10-22,56
2086,Петро Сидоров,54,Жінка,Дніпро,2023-10-11,99
2087,Олена Петрова,44,Жінка,Харків,2023-12-19,97
2088,Іван Іванов,50,Чоловік,Харків,2023-07-01,69
2089,Іван Іванов,21,Чоловік,Одеса,2023-02-06,76
2090,Марія Коваленко,39,Жінка,Дніпро,2023-05-17,55
2091,Іван Іванов,19,Чоловік,Київ,2023-12-04,76
2092,Петро Сидоров,27,Чоловік,Одеса,2023-02-25,58
2093,Олена Петрова,22,Чоловік,Київ,2023-07-06,94
2094,Олена Петрова,27,Жінка,Одеса,2023-12-07,80
2095,Олена Петрова,50,Чоловік,Київ,2023-09-15,70
2096,Іван Іванов,55,Жінка,Одеса,2023-02-27,75
2097,Олена Петрова,30,Чоловік,Харків,2023-12-29,89
2098,Марія Коваленко,48,Жінка,Львів,2023-05-03,97
2099,Марія Коваленко,64,Чоловік,Харків,2023-07-07,94
2100,Марія Коваленко,53,Жінка,Київ,2023-08-18,62
2101,Іван Іванов,62,Жінка,Дніпро,2023-06-17,98
2102,Олена Петрова,41,Чоловік,Харків,2023-04-24,72
2103,Іван Іванов,32,Жінка,Львів,2023-09-09,69
2104,Олена Петрова,46,Жінка,Київ,2023-04-17,86
2105,Петро Сидоров,25,Жінка,Харків,2023-02-06,77
2106,Петро Сидоров,22,Жінка,Одеса,2023-12-01,66
2107,Іван Іванов,46,Жінка,Дніпро,2023-04-02,77
2108,Марія Коваленко,64,Жінка,Київ,2023-01-18,90
2109,Іван Іванов,21,Жінка,Харків,2023-12-20,51
2110,Марія Коваленко,29,Жінка,Київ,2023-03-04,74
2111,Олена Петрова,62,Чоловік,Одеса,2023-05-30,99
2112,Марія Коваленко,19,Чоловік,Львів,2023-05-19,90
2113,Марія Коваленко,44,Жінка,Харків,2023-07-05,55
2114,Олена Петрова,48,Жінка,Київ,2023-07-04,60
2115,Петро Сидоров,53,Чоловік,Київ,2023-07-24,87
2116,Олена Петрова,53,Чоловік,Київ,2023-09-17,55
2117,Іван Іванов,43,Чоловік,Львів,2023-08-02,94
2118,Іван Іванов,60,Жінка,Київ,2023-09-13,60
2119,Іван Іванов,44,Чоловік,Дніпро,2023-05-15,63
2120,Іван Іванов,22,Жінка,Дніпро,2023-03-02,51
2121,Іван Іванов,37,Жінка,Київ,2023-12-29,89
2122,Петро Сидоров,28,Чоловік,Дніпро,2023-11-06,52
2123,Петро Сидоров,27,Жінка,Харків,2023-03-29,84
2124,Марія Коваленко,57,Жінка,Дніпро,2023-11-20,82
2125,Іван Іванов,55,Жінка,Київ,2023-07-26,73
2126,Олена Петрова,23,Жінка,Одеса,2023-05-09,68
2127,Іван Іванов,25,Чоловік,Харків,2023-11-07,67
2128,Петро Сидоров,40,Чоловік,Львів,2023-01-03,98
2129,Іван Іванов,64,Жінка,Київ,2023-08-30,73
2130,Петро Сидоров,43,Жінка,Львів,2023-05-01,94
2131,Марія Коваленко,63,Чоловік,Одеса,2023-04-12,84
2132,Марія Коваленко,60,Жінка,Львів,2023-02-07,50
2133,Марія Коваленко,29,Чоловік,Київ,2023-12-07,85
2134,Петро Сидоров,43,Жінка,Київ,2023-05-13,74
2135,Іван Іванов,30,Жінка,Одеса,2023-07-21,94
2136,Іван Іванов,57,Чоловік,Київ,2023-12-14,98
2137,Олена Петрова,35,Чоловік,Одеса,2023-01-21,92
2138,Петро Сидоров,42,Чоловік,Одеса,2023-08-30,83
2139,Олена Петрова,50,Чоловік,Київ,2023-04-19,74
2140,Марія Коваленко,64,Жінка,Дніпро,2023-10-30,65
2141,Іван Іванов,57,Чоловік,Одеса,2023-03-25,83
2142,Петро Сидоров,60,Жінка,Київ,2023-03-24,78
2143,Олена Петрова,29,Чоловік,Дніпро,2023-10-18,68
2144,Олена Петрова,61,Чоловік,Одеса,2023-03-10,72
2145,Олена Петрова,53,Жінка,Дніпро,2023-05-09,68
2146,Іван Іванов,21,Чоловік,Харків,2023-07-15,74
2147,Іван Іванов,22,Чоловік,Харків,2023-05-20,65
2148,Іван Іванов,54,Чоловік,Дніпро,2023-10-10,58
2149,Петро Сидоров,25,Чоловік,Одеса,2023-11-08,50
2150,Іван Іванов,59,Жінка,Київ,2023-08-22,91
2151,Петро Сидоров,45,Жінка,Львів,2023-01-23,68
2152,Олена Петрова,48,Чоловік,Київ,2023-06-02,82
2153,Олена Петрова,26,Чоловік,Львів,2023-10-04,83
2154,Марія Коваленко,46,Чоловік,Львів,2023-03-02,65
2155,Іван Іванов,31,Жінка,Одеса,2023-11-15,93
2156,Олена Петрова,57,Жінка,Дніпро,2023-02-21,89
2157,Іван Іванов,58,Жінка,Київ,2023-12-10,67
2158,Петро Сидоров,39,Жінка,Дніпро,2023-06-02,83
2159,Олена Петрова,28,Чоловік,Харків,2023-08-25,74
2160,Іван Іванов,40,Чоловік,Одеса,2023-11-07,94
2161,Олена Петрова,18,Чоловік,Одеса,2023-10-29,55
2162,Олена Петрова,63,Жінка,Харків,2023-02-01,70
2163,Іван Іванов,54,Чоловік,Київ,2023-02-24,55
2164,Олена Петрова,38,Жінка,Харків,2023-12-18,81
2165,Олена Петрова,43,Жінка,Київ,2023-02-05,90
2166,Олена Петрова,63,Чоловік,Львів,2023-04-20,97
2167,Олена Петрова,53,Чоловік,Одеса,2023-06-26,92
2168,Петро Сидоров,40,Чоловік,Київ,2023-12-28,88
2169,Олена Петрова,18,Жінка,Дніпро,2023-11-10,80
2170,Марія Коваленко,57,Жінка,Дніпро,2023-10-22,91
2171,Олена Петрова,32,Чоловік,Одеса,2023-12-02,59
2172,Іван Іванов,38,Чоловік,Харків,2023-04-07,79
2173,Марія Коваленко,64,Жінка,Харків,2023-08-01,67
2174,Петро Сидоров,26,Чоловік,Київ,2023-11-13,73
2175,Марія Коваленко,26,Жінка,Харків,2023-05-17,58
2176,Марія Коваленко,27,Жінка,Одеса,2023-01-06,80
2177,Марія Коваленко,43,Чоловік,Київ,2023-04-19,64
2178,Іван Іванов,58,Чоловік,Львів,2023-02-04,53
2179,Іван Іванов,52,Чоловік,Харків,2023-02-08,89
2180,Іван Іванов,42,Чоловік,Харків,2023-05-30,58
2181,Петро Сидоров,43,Жінка,Київ,2023-04-28,94
2182,Іван Іванов,28,Жінка,Дніпро,2023-09-18,58
2183,Іван Іванов,55,Жінка,Харків,2023-03-28,75
2184,Марія Коваленко,19,Чоловік,Одеса,2023-03-17,53
2185,Іван Іванов,24,Жінка,Харків,2023-11-09,66
2186,Олена Петрова,35,Чоловік,Львів,2023-08-02,65
2187,Іван Іванов,44,Чоловік,Харків,2023-10-12,64
2188,Петро Сидоров,51,Чоловік,Дніпро,2023-08-27,84
2189,Петро Сидоров,44,Чоловік,Харків,2023-06-14,54
2190,Олена Петрова,34,Чоловік,Київ,2023-03-28,54
2191,Петро Сидоров,60,Чоловік,Харків,2023-05-21,69
2192,Петро Сидоров,61,Жінка,Дніпро,2023-06-09,64
2193,Марія Коваленко,41,Чоловік,Київ,2023-02-15,67
2194,Олена Петрова,42,Жінка,Одеса,2023-04-22,96
2195,Марія Коваленко,24,Жінка,Київ,2023-02-14,51
2196,Марія Коваленко,23,Чоловік,Львів,2023-09-04,78
2197,Іван Іванов,41,Чоловік,Київ,2023-04-14,62
2198,Олена Петрова,50,Чоловік,Одеса,2023-03-26,53
2199,Іван Іванов,46,Жінка,Харків,2023-05-14,91
2200,Іван Іванов,60,Чоловік,Київ,2023-04-18,94
2201,Марія Коваленко,39,Жінка,Київ,2023-01-18,59
2202,Петро Сидоров,43,Чоловік,Київ,2023-04-04,80
2203,Олена Петрова,45,Чоловік,Київ,2023-05-30,90
2204,Петро Сидоров,38,Жінка,Одеса,2023-09-03,57
2205,Марія Коваленко,24,Жінка,Дніпро,2023-10-16,52
2206,Марія Коваленко,34,Чоловік,Дніпро,2023-07-28,97
2207,Марія Коваленко,37,Жінка,Київ,2023-05-06,95
2208,Марія Коваленко,58,Жінка,Одеса,2023-08-23,58
2209,Марія Коваленко,37,Жінка,Одеса,2023-05-02,79
2210,Марія Коваленко,39,Жінка,Київ,2023-05-18,60
2211,Петро Сидоров,45,Жінка,Львів,2023-04-25,84
2212,Іван Іванов,57,Чоловік,Київ,2023-06-11,86
2213,Петро Сидоров,24,Чоловік,Львів,2023-07-20,91
2214,Олена Петрова,18,Жінка,Київ,2023-08-22,62
2215,Петро Сидоров,49,Чоловік,Львів,2023-01-28,85
2216,Марія Коваленко,30,Чоловік,Львів,2023-01-11,62
2217,Петро Сидоров,47,Жінка,Київ,2023-07-25,61
2218,Іван Іванов,40,Чоловік,Львів,2023-06-16,86
2219,Олена Петрова,36,Жінка,Харків,2023-09-04,59
2220,Петро Сидоров,49,Жінка,Дніпро,2023-02-16,58
2221,Іван Іванов,47,Чоловік,Одеса,2023-09-03,56
2222,Петро Сидоров,46,Жінка,Львів,2023-05-07,51
2223,Олена Петрова,62,Жінка,Львів,2023-05-27,72
2224,Петро Сидоров,46,Жінка,Одеса,2023-04-28,88
2225,Марія Коваленко,47,Жінка,Львів,2023-06-01,89
2226,Петро Сидоров,33,Жінка,Одеса,2023-03-13,88
2227,Іван Іванов,57,Чоловік,Київ,2023-12-29,70
2228,Петро Сидоров,36,Чоловік,Харків,2023-05-17,72
2229,Іван Іванов,35,Жінка,Харків,2023-06-24,78
2230,Олена Петрова,18,Жінка,Дніпро,2023-10-16,63
2231,Петро Сидоров,31,Чоловік,Львів,2023-01-19,75
2232,Олена Петрова,64,Жінка,Дніпро,2023-07-14,54
2233,Олена Петрова,19,Чоловік,Київ,2023-11-26,80
2234,Петро Сидоров,45,Жінка,Харків,2023-06-24,74
2235,Іван Іванов,47,Жінка,Київ,2023-12-20,80
2236,Олена Петрова,55,Жінка,Київ,2023-05-21,99
2237,Олена Петрова,21,Жінка,Львів,2023-09-03,69
2238,Петро Сидоров,18,Жінка,Київ,2023-04-03,93
2239,Петро Сидоров,25,Жінка,Харків,2023-08-27,66
2240,Петро Сидоров,46,Жінка,Дніпро,2023-07-24,94
2241,Петро Сидоров,56,Чоловік,Харків,2023-02-17,51
2242,Петро Сидоров,20,Чоловік,Львів,2023-09-02,74
2243,Марія Коваленко,49,Чоловік,Харків,2023-11-16,62
2244,Петро Сидоров,27,Жінка,Одеса,2023-11-13,88
2245,Іван Іванов,27,Жінка,Дніпро,2023-10-22,77
2246,Олена Петрова,36,Жінка,Одеса,2023-05-08,91
2247,Іван Іванов,63,Жінка,Одеса,2023-12-10,55
2248,Іван Іванов,51,Жінка,Львів,2023-10-09,52
2249,Марія Коваленко,50,Жінка,Київ,2023-01-17,84
2250,Петро Сидоров,40,Жінка,Одеса,2023-03-12,67
2251,Олена Петрова,45,Чоловік,Харків,2023-09-26,60
2252,Іван Іванов,49,Жінка,Київ,2023-11-21,69
2253,Петро Сидоров,24,Чоловік,Харків,2023-10-09,54
2254,Петро Сидоров,46,Чоловік,Харків,2023-11-01,68
2255,Марія Коваленко,25,Жінка,Київ,2023-01-07,71
2256,Марія Коваленко,18,Жінка,Київ,2023-11-10,68
2257,Марія Коваленко,20,Чоловік,Харків,2023-11-01,96
2258,Олена Петрова,41,Чоловік,Львів,2023-04-13,65
2259,Іван Іванов,40,Жінка,Дніпро,2023-11-05,73
2260,Марія Коваленко,25,Жінка,Дніпро,2023-07-12,90
2261,Марія Коваленко,64,Чоловік,Львів,2023-08-29,53
2262,Марія Коваленко,54,Жінка,Київ,2023-03-03,64
2263,Іван Іванов,20,Жінка,Харків,2023-01-17,74
2264,Іван Іванов,50,Жінка,Дніпро,2023-06-20,93
2265,Марія Коваленко,45,Чоловік,Харків,2023-01-25,84
2266,Марія Коваленко,64,Чоловік,Львів,2023-09-08,63
2267,Петро Сидоров,25,Чоловік,Харків,2023-09-10,98
2268,Марія Коваленко,51,Жінка,Львів,2023-07-26,68
2269,Олена Петрова,52,Жінка,Київ,2023-01-29,87
2270,Олена Петрова,49,Чоловік,Львів,2023-04-27,85
2271,Марія Коваленко,41,Чоловік,Львів,2023-10-09,56
2272,Іван Іванов,31,Чоловік,Дніпро,2023-05-24,79
2273,Петро Сидоров,49,Жінка,Харків,2023-01-25,68
2274,Іван Іванов,63,Чоловік,Дніпро,2023-11-06,98
2275,Марія Коваленко,60,Чоловік,Одеса,2023-06-05,74
2276,Олена Петрова,33,Жінка,Львів,2023-03-14,65
2277,Петро Сидоров,21,Жінка,Одеса,2023-04-30,96
2278,Іван Іванов,54,Жінка,Дніпро,2023-11-08,89
2279,Іван Іванов,38,Чоловік,Харків,2023-11-17,57
2280,Марія Коваленко,31,Жінка,Дніпро,2023-04-03,67
2281,Петро Сидоров,48,Жінка,Харків,2023-03-27,77
2282,Олена Петрова,35,Чоловік,Харків,2023-12-02,65
2283,Марія Коваленко,24,Жінка,Київ,2023-12-30,68
2284,Петро Сидоров,27,Чоловік,Львів,2023-04-28,91
2285,Іван Іванов,24,Чоловік,Дніпро,2023-08-21,66
2286,Марія Коваленко,50,Жінка,Харків,2023-07-18,94
2287,Іван Іванов,40,Жінка,Дніпро,2023-07-25,62
2288,Іван Іванов,38,Жінка,Дніпро,2023-12-05,56
2289,Марія Коваленко,36,Жінка,Харків,2023-05-27,76
2290,Марія Коваленко,36,Жінка,Одеса,2023-09-28,59
2291,Марія Коваленко,53,Жінка,Львів,2023-05-19,83
2292,Марія Коваленко,46,Чоловік,Львів,2023-06-30,85
2293,Марія Коваленко,35,Чоловік,Київ,2023-01-30,74
2294,Іван Іванов,19,Жінка,Київ,2023-02-26,55
2295,Олена Петрова,18,Чоловік,Київ,2023-08-20,73
2296,Олена Петрова,64,Жінка,Львів,2023-05-26,67
2297,Марія Коваленко,22,Чоловік,Одеса,2023-02-17,72
2298,Іван Іванов,37,Чоловік,Львів,2023-07-13,55
2299,Олена Петрова,28,Чоловік,Львів,2023-08-12,78
2300,Олена Петрова,59,Жінка,Львів,2023-05-16,74
2301,Олена Петрова,19,Чоловік,Львів,2023-01-22,66
2302,Іван Іванов,20,Жінка,Одеса,2023-01-06,95
2303,Марія Коваленко,40,Чоловік,Київ,2023-07-23,73
2304,Марія Коваленко,29,Чоловік,Дніпро,2023-08-27,60
2305,Марія Коваленко,37,Чоловік,Київ,2023-07-04,75
2306,Петро Сидоров,22,Чоловік,Київ,2023-12-26,83
2307,Петро Сидоров,54,Чоловік,Дніпро,2023-10-19,77
2308,Петро Сидоров,55,Жінка,Львів,2023-12-01,52
2309,Іван Іванов,47,Жінка,Одеса,2023-08-08,60
2310,Олена Петрова,26,Чоловік,Одеса,2023-04-26,87
2311,Олена Петрова,51,Чоловік,Київ,2023-11-09,63
2312,Іван Іванов,61,Чоловік,Дніпро,2023-02-18,75
2313,Іван Іванов,52,Чоловік,Харків,2023-06-22,97
2314,Марія Коваленко,39,Жінка,Львів,2023-03-23,70
2315,Марія Коваленко,61,Чоловік,Київ,2023-11-18,88
2316,Петро Сидоров,41,Жінка,Одеса,2023-11-29,79
2317,Петро Сидоров,34,Чоловік,Дніпро,2023-02-14,57
2318,Іван Іванов,27,Жінка,Дніпро,2023-12-01,69
2319,Петро Сидоров,47,Чоловік,Київ,2023-01-20,97
2320,Олена Петрова,63,Чоловік,Харків,2023-08-09,81
2321,Іван Іванов,40,Жінка,Одеса,2023-05-03,71
2322,Іван Іванов,49,Чоловік,Київ,2023-08-22,56
2323,Олена Петрова,34,Чоловік,Харків,2023-08-09,58
2324,Марія Коваленко,34,Чоловік,Дніпро,2023-11-19,94
2325,Марія Коваленко,31,Жінка,Львів,2023-12-05,50
2326,Олена Петрова,26,Чоловік,Одеса,2023-01-03,78
2327,Олена Петрова,57,Чоловік,Одеса,2023-07-01,57
2328,Петро Сидоров,19,Жінка,Харків,2023-07-25,53
2329,Іван Іванов,62,Жінка,Київ,2023-11-16,84
2330,Петро Сидоров,42,Жінка,Дніпро,2023-02-09,52
2331,Олена Петрова,56,Чоловік,Харків,2023-02-28,94
2332,Петро Сидоров,26,Чоловік,Львів,2023-03-03,89
2333,Олена Петрова,39,Чоловік,Львів,2023-05-12,56
2334,Петро Сидоров,60,Жінка,Львів,2023-03-01,76
2335,Петро Сидоров,63,Чоловік,Харків,2023-11-27,50
2336,Марія Коваленко,21,Чоловік,Дніпро,2023-05-02,76
2337,Олена Петрова,43,Жінка,Одеса,2023-04-17,65
2338,Петро Сидоров,46,Жінка,Київ,2023-04-06,87
2339,Іван Іванов,62,Жінка,Одеса,2023-12-13,56
2340,Петро Сидоров,51,Жінка,Дніпро,2023-08-23,93
2341,Петро Сидоров,40,Жінка,Одеса,2023-03-03,72
2342,Іван Іванов,54,Чоловік,Харків,2023-09-13,90
2343,Олена Петрова,28,Жінка,Львів,2023-02-18,60
2344,Марія Коваленко,23,Чоловік,Дніпро,2023-12-14,91
2345,Марія Коваленко,35,Чоловік,Дніпро,2023-06-08,82
2346,Марія Коваленко,38,Жінка,Одеса,2023-05-04,99
2347,Іван Іванов,59,Жінка,Харків,2023-11-13,85
2348,Петро Сидоров,53,Жінка,Одеса,2023-07-26,86
2349,Олена Петрова,58,Чоловік,Одеса,2023-02-17,90
2350,Петро Сидоров,55,Жінка,Дніпро,2023-05-16,66
2351,Марія Коваленко,51,Жінка,Одеса,2023-07-20,84
2352,Петро Сидоров,34,Жінка,Львів,2023-09-07,97
2353,Іван Іванов,54,Жінка,Одеса,2023-11-10,54
2354,Іван Іванов,42,Жінка,Львів,2023-12-23,97
2355,Олена Петрова,55,Чоловік,Дніпро,2023-11-14,81
2356,Олена Петрова,29,Чоловік,Харків,2023-10-22,52
2357,Марія Коваленко,40,Чоловік,Львів,2023-11-10,96
2358,Олена Петрова,59,Жінка,Харків,2023-07-28,84
2359,Петро Сидоров,39,Жінка,Харків,2023-12-21,63
2360,Іван Іванов,38,Жінка,Львів,2023-07-30,97
2361,Іван Іванов,44,Чоловік,Дніпро,2023-07-11,80
2362,Іван Іванов,48,Жінка,Київ,2023-02-13,80
2363,Олена Петрова,23,Жінка,Харків,2023-01-29,66
2364,Іван Іванов,44,Жінка,Харків,2023-02-28,73
2365,Іван Іванов,57,Чоловік,Дніпро,2023-03-12,72
2366,Іван Іванов,51,Жінка,Дніпро,2023-04-02,67
2367,Марія Коваленко,29,Чоловік,Одеса,2023-09-22,99
2368,Марія Коваленко,62,Жінка,Дніпро,2023-08-08,63
2369,Олена Петрова,24,Чоловік,Харків,2023-08-03,99
2370,Іван Іванов,27,Чоловік,Львів,2023-10-04,64
2371,Олена Петрова,62,Чоловік,Київ,2023-03-05,64
2372,Іван Іванов,34,Жінка,Одеса,2023-12-12,55
2373,Іван Іванов,43,Жінка,Львів,2023-10-19,76
2374,Іван Іванов,38,Чоловік,Київ,2023-09-02,64
2375,Олена Петрова,45,Чоловік,Київ,2023-03-03,99
2376,Олена Петрова,63,Жінка,Київ,2023-11-28,85
2377,Іван Іванов,19,Жінка,Львів,2023-06-19,57
2378,Петро Сидоров,60,Чоловік,Одеса,2023-09-26,64
2379,Олена Петрова,18,Жінка,Одеса,2023-09-24,52
2380,Марія Коваленко,53,Жінка,Київ,2023-02-23,96
2381,Олена Петрова,43,Жінка,Львів,2023-01-16,62
2382,Іван Іванов,46,Жінка,Київ,2023-01-08,90
2383,Петро Сидоров,38,Чоловік,Дніпро,2023-04-14,83
2384,Іван Іванов,28,Жінка,Одеса,2023-02-28,73
2385,Марія Коваленко,57,Жінка,Харків,2023-11-09,89
2386,Олена Петрова,28,Чоловік,Київ,2023-02-09,81
2387,Олена Петрова,53,Чоловік,Дніпро,2023-08-25,81
2388,Іван Іванов,56,Жінка,Одеса,2023-04-04,79
2389,Іван Іванов,57,Жінка,Львів,2023-08-10,98
2390,Марія Коваленко,52,Жінка,Одеса,2023-07-23,62
2391,Петро Сидоров,51,Жінка,Львів,2023-05-18,50
2392,Марія Коваленко,64,Чоловік,Львів,2023-10-27,83
2393,Петро Сидоров,41,Чоловік,Київ,2023-07-26,64
2394,Олена Петрова,39,Чоловік,Київ,2023-12-02,93
2395,Петро Сидоров,22,Жінка,Одеса,2023-03-22,63
2396,Петро Сидоров,50,Жінка,Дніпро,2023-08-06,78
2397,Олена Петрова,53,Жінка,Одеса,2023-01-02,83
2398,Олена Петрова,64,Жінка,Харків,2023-06-27,67
2399,Олена Петрова,37,Чоловік,Львів,2023-12-12,56
2400,Марія Коваленко,36,Чоловік,Львів,2023-10-06,78
2401,Олена Петрова,52,Жінка,Київ,2023-05-26,80
2402,Іван Іванов,60,Чоловік,Дніпро,2023-11-14,74
2403,Олена Петрова,34,Жінка,Київ,2023-08-12,87
2404,Олена Петрова,62,Жінка,Харків,2023-03-03,63
2405,Олена Петрова,60,Чоловік,Одеса,2023-10-21,57
2406,Петро Сидоров,51,Жінка,Одеса,2023-08-27,76
2407,Марія Коваленко,26,Жінка,Дніпро,2023-07-14,51
2408,Олена Петрова,43,Чоловік,Київ,2023-06-15,66
2409,Марія Коваленко,19,Жінка,Київ,2023-08-10,86
2410,Іван Іванов,26,Жінка,Харків,2023-03-02,63
2411,Іван Іванов,26,Чоловік,Одеса,2023-05-09,74
2412,Олена Петрова,57,Жінка,Київ,2023-06-22,79
2413,Іван Іванов,34,Чоловік,Дніпро,2023-06-05,78
2414,Марія Коваленко,18,Жінка,Одеса,2023-04-20,69
2415,Петро Сидоров,42,Чоловік,Харків,2023-09-26,70
2416,Олена Петрова,60,Чоловік,Дніпро,2023-12-22,71
2417,Іван Іванов,57,Чоловік,Львів,2023-10-05,84
2418,Марія Коваленко,59,Жінка,Харків,2023-03-15,86
2419,Марія Коваленко,42,Чоловік,Дніпро,2023-07-26,65
2420,Іван Іванов,56,Чоловік,Київ,2023-10-06,99
2421,Марія Коваленко,52,Чоловік,Львів,2023-11-22,98
2422,Марія Коваленко,20,Чоловік,Харків,2023-12-06,92
2423,Олена Петрова,54,Чоловік,Київ,2023-12-23,66
2424,Марія Коваленко,61,Жінка,Львів,2023-12-06,65
2425,Іван Іванов,61,Жінка,Одеса,2023-07-23,51
2426,Олена Петрова,47,Жінка,Київ,2023-06-10,53
2427,Іван Іванов,55,Жінка,Дніпро,2023-01-28,70
2428,Петро Сидоров,51,Жінка,Харків,2023-09-14,88
2429,Іван Іванов,29,Жінка,Львів,2023-06-14,83
2430,Іван Іванов,36,Жінка,Київ,2023-03-04,79
2431,Олена Петрова,54,Чоловік,Одеса,2023-01-22,55
2432,Марія Коваленко,61,Жінка,Харків,2023-03-11,66
2433,Іван Іванов,34,Чоловік,Харків,2023-04-06,88
2434,Олена Петрова,27,Чоловік,Київ,2023-06-12,74
2435,Петро Сидоров,64,Жінка,Одеса,2023-03-20,54
2436,Олена Петрова,29,Чоловік,Львів,2023-01-05,54
2437,Олена Петрова,33,Чоловік,Київ,2023-11-12,69
2438,Марія Коваленко,41,Чоловік,Львів,2023-04-30,65
2439,Іван Іванов,36,Чоловік,Харків,2023-10-29,90
2440,Петро Сидоров,25,Жінка,Львів,2023-06-27,86
2441,Олена Петрова,48,Жінка,Одеса,2023-06-25,89
2442,Іван Іванов,38,Жінка,Дніпро,2023-08-05,58
2443,Іван Іванов,34,Жінка,Одеса,2023-02-25,54
2444,Олена Петрова,40,Жінка,Львів,2023-07-06,91
2445,Іван Іванов,54,Жінка,Київ,2023-08-20,51
2446,Олена Петрова,33,Жінка,Харків,2023-09-12,58
2447,Олена Петрова,23,Жінка,Дніпро,2023-04-14,92
2448,Олена Петрова,25,Жінка,Київ,2023-03-18,85
2449,Петро Сидоров,42,Жінка,Київ,2023-08-18,71
2450,Олена Петрова,35,Чоловік,Одеса,2023-09-15,71
2451,Марія Коваленко,42,Жінка,Львів,2023-09-21,71
2452,Іван Іванов,29,Чоловік,Одеса,2023-11-27,83
2453,Петро Сидоров,32,Чоловік,Львів,2023-07-01,78
2454,Іван Іванов,43,Чоловік,Одеса,2023-09-13,87
2455,Петро Сидоров,58,Чоловік,Київ,2023-02-07,95
2456,Марія Коваленко,62,Жінка,Харків,2023-06-25,82
2457,Петро Сидоров,43,Чоловік,Львів,2023-01-27,67
2458,Петро Сидоров,64,Жінка,Дніпро,2023-10-03,56
2459,Петро Сидоров,49,Жінка,Дніпро,2023-05-20,50
2460,Іван Іванов,27,Чоловік,Київ,2023-10-26,82
2461,Олена Петрова,33,Жінка,Одеса,2023-10-14,50
2462,Іван Іванов,24,Чоловік,Одеса,2023-04-01,73
2463,Олена Петрова,34,Чоловік,Київ,2023-03-02,53
2464,Іван Іванов,40,Жінка,Дніпро,2023-12-31,53
2465,Марія Коваленко,43,Жінка,Дніпро,2023-12-13,67
2466,Марія Коваленко,38,Чоловік,Одеса,2023-06-12,76
2467,Петро Сидоров,39,Жінка,Львів,2023-12-17,92
2468,Марія Коваленко,24,Жінка,Харків,2023-05-23,81
2469,Петро Сидоров,31,Жінка,Львів,2023-09-10,82
2470,Олена Петрова,32,Чоловік,Дніпро,2023-09-26,77
2471,Марія Коваленко,24,Чоловік,Львів,2023-10-18,91
2472,Олена Петрова,26,Жінка,Харків,2023-07-06,90
2473,Іван Іванов,25,Жінка,Львів,2023-10-31,85
2474,Олена Петрова,40,Жінка,Львів,2023-10-18,55
2475,Іван Іванов,46,Жінка,Львів,2023-03-27,65
2476,Олена Петрова,35,Жінка,Львів,2023-06-15,83
2477,Олена Петрова,48,Чоловік,Київ,2023-04-24,72
2478,Марія Коваленко,47,Жінка,Дніпро,2023-12-22,99
2479,Олена Петрова,56,Чоловік,Харків,2023-07-02,91
2480,Марія Коваленко,52,Жінка,Дніпро,2023-07-26,73
2481,Марія Коваленко,35,Чоловік,Київ,2023-09-13,98
2482,Петро Сидоров,59,Жінка,Київ,2023-08-23,62
2483,Петро Сидоров,56,Чоловік,Київ,2023-12-21,67
2484,Іван Іванов,34,Жінка,Київ,2023-01-03,62
2485,Олена Петрова,31,Чоловік,Львів,2023-07-27,98
2486,Іван Іванов,48,Чоловік,Дніпро,2023-07-16,86
2487,Олена Петрова,41,Чоловік,Одеса,2023-12-07,92
2488,Петро Сидоров,52,Чоловік,Харків,2023-05-05,88
2489,Петро Сидоров,61,Чоловік,Київ,2023-05-18,91
2490,Олена Петрова,62,Чоловік,Дніпро,2023-12-05,66
2491,Олена Петрова,51,Жінка,Київ,2023-01-25,64
2492,Петро Сидоров,20,Чоловік,Київ,2023-03-09,67
2493,Петро Сидоров,54,Жінка,Київ,2023-03-02,72
2494,Іван Іванов,60,Жінка,Київ,2023-01-29,79
2495,Петро Сидоров,57,Жінка,Київ,2023-01-19,83
2496,Олена Петрова,43,Жінка,Харків,2023-06-20,53
2497,Іван Іванов,40,Жінка,Дніпро,2023-03-15,52
2498,Олена Петрова,61,Чоловік,Київ,2023-03-02,56
2499,Марія Коваленко,56,Чоловік,Київ,2023-06-02,67
2500,Іван Іванов,32,Чоловік,Київ,2023-10-03,91
2501,Олена Петрова,21,Жінка,Київ,2023-02-17,56
2502,Петро Сидоров,46,Чоловік,Львів,2023-07-30,89
2503,Марія Коваленко,39,Чоловік,Львів,2023-12-09,55
2504,Олена Петрова,42,Чоловік,Одеса,2023-05-19,71
2505,Іван Іванов,30,Чоловік,Київ,2023-04-20,50
2506,Олена Петрова,35,Чоловік,Одеса,2023-07-02,53
2507,Марія Коваленко,50,Жінка,Харків,2023-01-28,95
2508,Іван Іванов,33,Чоловік,Одеса,2023-07-16,98
2509,Марія Коваленко,62,Жінка,Дніпро,2023-07-10,99
2510,Олена Петрова,59,Жінка,Львів,2023-11-11,92
2511,Петро Сидоров,61,Жінка,Львів,2023-02-20,78
2512,Петро Сидоров,19,Жінка,Київ,2023-05-29,70
2513,Олена Петрова,52,Жінка,Київ,2023-09-25,75
2514,Олена Петрова,59,Чоловік,Харків,2023-02-19,63
2515,Олена Петрова,51,Чоловік,Харків,2023-09-03,58
2516,Іван Іванов,47,Чоловік,Дніпро,2023-04-23,96
2517,Марія Коваленко,30,Жінка,Київ,2023-06-19,61
2518,Марія Коваленко,30,Чоловік,Київ,2023-06-15,91
2519,Марія Коваленко,35,Чоловік,Харків,2023-01-14,55
2520,Олена Петрова,49,Жінка,Харків,2023-07-22,69
2521,Марія Коваленко,49,Жінка,Харків,2023-10-15,73
2522,Олена Петрова,52,Жінка,Львів,2023-07-08,76
2523,Іван Іванов,56,Жінка,Одеса,2023-06-04,87
2524,Петро Сидоров,63,Чоловік,Одеса,2023-02-24,57
2525,Олена Петрова,46,Жінка,Київ,2023-07-01,50
2526,Олена Петрова,46,Жінка,Львів,2023-07-29,98
2527,Петро Сидоров,61,Чоловік,Харків,2023-03-16,98
2528,Петро Сидоров,33,Чоловік,Київ,2023-10-04,73
2529,Іван Іванов,61,Жінка,Львів,2023-05-13,96
2530,Марія Коваленко,64,Чоловік,Дніпро,2023-12-09,56
2531,Олена Петрова,27,Жінка,Львів,2023-02-28,68
2532,Марія Коваленко,47,Жінка,Київ,2023-12-11,71
2533,Олена Петрова,42,Чоловік,Одеса,2023-07-01,84
2534,Іван Іванов,56,Чоловік,Харків,2023-12-05,79
2535,Петро Сидоров,37,Жінка,Дніпро,2023-11-17,78
2536,Іван Іванов,22,Жінка,Львів,2023-03-05,71
2537,Петро Сидоров,18,Жінка,Київ,2023-11-23,60
2538,Марія Коваленко,47,Чоловік,Київ,2023-09-17,69
2539,Марія Коваленко,20,Жінка,Харків,2023-07-12,78
2540,Іван Іванов,62,Жінка,Київ,2023-05-23,90
2541,Петро Сидоров,31,Жінка,Київ,2023-04-14,91
2542,Іван Іванов,47,Жінка,Харків,2023-08-02,83
2543,Петро Сидоров,21,Жінка,Дніпро,2023-08-30,50
2544,Петро Сидоров,35,Чоловік,Одеса,2023-07-28,80
2545,Марія Коваленко,54,Жінка,Одеса,2023-04-03,79
2546,Марія Коваленко,42,Жінка,Львів,2023-05-22,97
2547,Петро Сидоров,18,Жінка,Дніпро,2023-04-22,67
2548,Петро Сидоров,63,Жінка,Львів,2023-02-28,66
2549,Петро Сидоров,32,Чоловік,Одеса,2023-02-12,87
2550,Марія Коваленко,26,Чоловік,Харків,2023-07-26,63
2551,Марія Коваленко,32,Чоловік,Київ,2023-09-25,72
2552,Олена Петрова,41,Жінка,Одеса,2023-10-23,74
2553,Петро Сидоров,21,Жінка,Дніпро,2023-04-28,64
2554,Олена Петрова,29,Чоловік,Одеса,2023-01-20,95
2555,Петро Сидоров,54,Чоловік,Дніпро,2023-08-10,71
2556,Марія Коваленко,54,Чоловік,Дніпро,2023-06-15,52
2557,Олена Петрова,60,Жінка,Дніпро,2023-05-11,68
2558,Олена Петрова,23,Жінка,Львів,2023-06-05,93
2559,Іван Іванов,56,Чоловік,Харків,2023-07-03,83
2560,Петро Сидоров,63,Чоловік,Одеса,2023-03-31,84
2561,Марія Коваленко,41,Чоловік,Харків,2023-04-04,99
2562,Іван Іванов,28,Жінка,Київ,2023-01-13,50
2563,Іван Іванов,30,Жінка,Одеса,2023-11-18,70
2564,Петро Сидоров,51,Жінка,Харків,2023-10-20,78
2565,Іван Іванов,42,Чоловік,Харків,2023-08-18,55
2566,Петро Сидоров,24,Чоловік,Київ,2023-11-18,86
2567,Іван Іванов,21,Жінка,Дніпро,2023-10-19,50
2568,Петро Сидоров,25,Чоловік,Одеса,2023-01-26,50
2569,Марія Коваленко,37,Жінка,Одеса,2023-03-16,76
2570,Петро Сидоров,46,Чоловік,Київ,2023-12-30,70
2571,Петро Сидоров,62,Чоловік,Дніпро,2023-10-26,65
2572,Олена Петрова,63,Чоловік,Одеса,2023-05-30,93
2573,Марія Коваленко,27,Чоловік,Одеса,2023-05-28,89
2574,Марія Коваленко,60,Жінка,Одеса,2023-01-08,75
2575,Марія Коваленко,51,Чоловік,Дніпро,2023-01-29,65
2576,Іван Іванов,43,Жінка,Київ,2023-10-23,77
2577,Олена Петрова,58,Жінка,Одеса,2023-07-28,50
2578,Марія Коваленко,20,Жінка,Харків,2023-05-08,85
2579,Іван Іванов,23,Чоловік,Дніпро,2023-12-06,59
2580,Іван Іванов,22,Жінка,Львів,2023-04-26,92
2581,Іван Іванов,22,Жінка,Київ,2023-05-24,66
2582,Олена Петрова,64,Жінка,Харків,2023-11-14,72
2583,Іван Іванов,40,Чоловік,Одеса,2023-08-23,56
2584,Олена Петрова,26,Чоловік,Львів,2023-01-07,93
2585,Петро Сидоров,52,Жінка,Київ,2023-02-14,56
2586,Іван Іванов,37,Чоловік,Дніпро,2023-08-27,93
2587,Марія Коваленко,59,Жінка,Львів,2023-06-04,64
2588,Іван Іванов,52,Жінка,Львів,2023-06-30,83
2589,Петро Сидоров,35,Чоловік,Харків,2023-08-03,95
2590,Петро Сидоров,34,Жінка,Київ,2023-03-29,94
2591,Іван Іванов,41,Чоловік,Харків,2023-09-13,53
2592,Петро Сидоров,20,Чоловік,Харків,2023-03-14,63
2593,Олена Петрова,49,Жінка,Одеса,2023-06-28,63
2594,Олена Петрова,52,Чоловік,Дніпро,2023-07-31,65
2595,Іван Іванов,55,Чоловік,Львів,2023-10-20,56
2596,Олена Петрова,30,Жінка,Київ,2023-08-22,81
2597,Олена Петрова,64,Жінка,Дніпро,2023-08-27,68
2598,Марія Коваленко,42,Чоловік,Дніпро,2023-08-11,51
2599,Іван Іванов,26,Чоловік,Київ,2023-04-29,59
2600,Петро Сидоров,21,Жінка,Дніпро,2023-11-09,99
2601,Іван Іванов,31,Чоловік,Одеса,2023-09-21,66
2602,Олена Петрова,54,Чоловік,Дніпро,2023-07-26,86
2603,Марія Коваленко,51,Чоловік,Одеса,2023-04-05,61
2604,Іван Іванов,28,Чоловік,Львів,2023-08-10,55
2605,Іван Іванов,58,Чоловік,Львів,2023-10-03,71
2606,Олена Петрова,20,Чоловік,Харків,2023-08-19,81
2607,Олена Петрова,45,Чоловік,Одеса,2023-11-05,90
2608,Іван Іванов,46,Жінка,Львів,2023-04-29,69
2609,Олена Петрова,26,Жінка,Дніпро,2023-09-25,50
2610,Олена Петрова,20,Жінка,Київ,2023-09-30,96
2611,Олена Петрова,42,Жінка,Київ,2023-03-05,55
2612,Олена Петрова,51,Жінка,Одеса,2023-10-25,68
2613,Олена Петрова,29,Чоловік,Харків,2023-12-16,67
2614,Марія Коваленко,59,Чоловік,Дніпро,2023-01-11,55
2615,Олена Петрова,26,Чоловік,Одеса,2023-04-08,94
2616,Петро Сидоров,32,Чоловік,Київ,2023-03-12,82
2617,Іван Іванов,57,Жінка,Одеса,2023-12-30,72
2618,Марія Коваленко,42,Чоловік,Дніпро,2023-02-27,72
2619,Марія Коваленко,22,Чоловік,Львів,2023-10-17,75
2620,Олена Петрова,28,Жінка,Дніпро,2023-09-08,62
2621,Іван Іванов,51,Чоловік,Львів,2023-10-03,56
2622,Петро Сидоров,41,Чоловік,Львів,2023-02-19,64
2623,Олена Петрова,32,Жінка,Львів,2023-12-24,93
2624,Іван Іванов,55,Чоловік,Одеса,2023-08-04,76
2625,Олена Петрова,25,Чоловік,Київ,2023-02-21,75
2626,Олена Петрова,22,Чоловік,Одеса,2023-09-28,82
2627,Олена Петрова,43,Чоловік,Київ,2023-03-25,64
2628,Олена Петрова,35,Чоловік,Дніпро,2023-10-20,85
2629,Олена Петрова,23,Жінка,Харків,2023-05-06,94
2630,Олена Петрова,54,Жінка,Дніпро,2023-10-23,76
2631,Олена Петрова,30,Жінка,Одеса,2023-03-13,54
2632,Петро Сидоров,45,Жінка,Одеса,2023-10-23,51
2633,Марія Коваленко,22,Жінка,Київ,2023-08-24,82
2634,Петро Сидоров,30,Жінка,Одеса,2023-02-25,65
2635,Олена Петрова,34,Чоловік,Львів,2023-12-26,72
2636,Олена Петрова,57,Жінка,Одеса,2023-04-20,87
2637,Петро Сидоров,62,Жінка,Київ,2023-07-11,65
2638,Петро Сидоров,49,Чоловік,Київ,2023-04-03,63
2639,Марія Коваленко,46,Чоловік,Львів,2023-12-16,78
2640,Петро Сидоров,20,Жінка,Київ,2023-02-25,75
2641,Марія Коваленко,57,Чоловік,Харків,2023-03-01,84
2642,Олена Петрова,51,Жінка,Дніпро,2023-05-18,64
2643,Іван Іванов,57,Чоловік,Одеса,2023-02-08,52
2644,Іван Іванов,44,Жінка,Харків,2023-01-28,72
2645,Іван Іванов,30,Чоловік,Одеса,2023-02-18,78
2646,Іван Іванов,62,Чоловік,Харків,2023-05-05,83
2647,Олена Петрова,50,Жінка,Одеса,2023-01-13,82
2648,Іван Іванов,23,Жінка,Львів,2023-02-05,90
2649,Петро Сидоров,41,Жінка,Київ,2023-04-11,90
2650,Петро Сидоров,36,Жінка,Київ,2023-10-09,72
2651,Іван Іванов,33,Жінка,Львів,2023-03-27,56
2652,Петро Сидоров,57,Чоловік,Харків,2023-01-04,52
2653,Марія Коваленко,45,Жінка,Дніпро,2023-08-11,81
2654,Олена Петрова,50,Жінка,Харків,2023-12-04,80
2655,Іван Іванов,58,Чоловік,Київ,2023-06-15,67
2656,Іван Іванов,30,Чоловік,Дніпро,2023-12-10,92
2657,Олена Петрова,60,Жінка,Одеса,2023-10-05,56
2658,Петро Сидоров,62,Чоловік,Дніпро,2023-05-10,90
2659,Олена Петрова,42,Чоловік,Харків,2023-01-31,50
2660,Олена Петрова,59,Жінка,Львів,2023-01-11,63
2661,Петро Сидоров,53,Чоловік,Одеса,2023-10-29,81
2662,Олена Петрова,44,Чоловік,Харків,2023-04-06,55
2663,Петро Сидоров,55,Жінка,Одеса,2023-07-09,88
2664,Петро Сидоров,24,Жінка,Дніпро,2023-07-11,59
2665,Олена Петрова,22,Чоловік,Київ,2023-09-23,56
2666,Марія Коваленко,60,Чоловік,Харків,2023-05-08,75
2667,Петро Сидоров,62,Жінка,Львів,2023-08-26,83
2668,Олена Петрова,48,Чоловік,Дніпро,2023-12-21,79
2669,Петро Сидоров,40,Чоловік,Харків,2023-04-22,85
2670,Марія Коваленко,59,Чоловік,Львів,2023-11-12,70
2671,Марія Коваленко,27,Жінка,Харків,2023-12-09,66
2672,Іван Іванов,49,Чоловік,Дніпро,2023-05-25,82
2673,Петро Сидоров,60,Чоловік,Харків,2023-03-06,59
2674,Петро Сидоров,47,Жінка,Одеса,2023-09-04,96
2675,Олена Петрова,56,Чоловік,Дніпро,2023-08-11,91
2676,Петро Сидоров,48,Чоловік,Харків,2023-11-09,61
2677,Іван Іванов,35,Жінка,Київ,2023-04-16,65
2678,Марія Коваленко,53,Жінка,Харків,2023-06-30,90
2679,Марія Коваленко,19,Жінка,Одеса,2023-07-03,81
2680,Іван Іванов,31,Жінка,Львів,2023-08-14,64
2681,Петро Сидоров,30,Чоловік,Львів,2023-09-22,76
2682,Петро Сидоров,46,Чоловік,Львів,2023-10-05,77
2683,Іван Іванов,29,Жінка,Київ,2023-03-30,66
2684,Олена Петрова,56,Жінка,Одеса,2023-06-25,95
2685,Марія Коваленко,19,Чоловік,Дніпро,2023-01-18,99
2686,Іван Іванов,49,Жінка,Львів,2023-04-16,51
2687,Іван Іванов,30,Чоловік,Одеса,2023-09-28,85
2688,Петро Сидоров,63,Жінка,Харків,2023-11-15,99
2689,Марія Коваленко,44,Чоловік,Київ,2023-06-16,56
2690,Петро Сидоров,58,Жінка,Одеса,2023-01-13,62
2691,Іван Іванов,34,Жінка,Одеса,2023-12-03,64
2692,Олена Петрова,57,Чоловік,Дніпро,2023-02-01,74
2693,Марія Коваленко,48,Жінка,Одеса,2023-02-09,72
2694,Іван Іванов,51,Чоловік,Дніпро,2023-05-28,71
2695,Іван Іванов,41,Чоловік,Київ,2023-08-06,75
2696,Олена Петрова,62,Чоловік,Київ,2023-08-07,82
2697,Іван Іванов,52,Чоловік,Харків,2023-03-23,60
2698,Іван Іванов,23,Чоловік,Дніпро,2023-11-29,59
2699,Марія Коваленко,36,Жінка,Дніпро,2023-07-27,74
2700,Марія Коваленко,47,Жінка,Львів,2023-07-20,86
2701,Марія Коваленко,24,Чоловік,Львів,2023-11-28,97
2702,Петро Сидоров,27,Жінка,Харків,2023-02-07,92
2703,Олена Петрова,58,Чоловік,Київ,2023-07-30,87
2704,Марія Коваленко,49,Жінка,Львів,2023-11-23,90
2705,Петро Сидоров,51,Жінка,Одеса,2023-09-06,94
2706,Петро Сидоров,45,Жінка,Київ,2023-08-15,73
2707,Олена Петрова,32,Жінка,Одеса,2023-02-17,89
2708,Олена Петрова,47,Чоловік,Дніпро,2023-01-18,95
2709,Іван Іванов,54,Чоловік,Київ,2023-10-22,82
2710,Петро Сидоров,46,Жінка,Харків,2023-07-15,66
2711,Марія Коваленко,39,Жінка,Дніпро,2023-07-06,73
2712,Олена Петрова,21,Чоловік,Дніпро,2023-12-11,86
2713,Петро Сидоров,37,Жінка,Одеса,2023-08-12,51
2714,Марія Коваленко,49,Чоловік,Дніпро,2023-11-14,81
2715,Петро Сидоров,53,Чоловік,Львів,2023-12-31,73
2716,Олена Петрова,21,Чоловік,Київ,2023-12-03,58
2717,Іван Іванов,44,Жінка,Львів,2023-08-17,53
2718,Петро Сидоров,34,Чоловік,Одеса,2023-03-18,66
2719,Марія Коваленко,29,Жінка,Одеса,2023-07-07,66
2720,Олена Петрова,39,Чоловік,Київ,2023-12-12,99
2721,Іван Іванов,34,Жінка,Дніпро,2023-09-27,97
2722,Марія Коваленко,27,Жінка,Харків,2023-04-05,79
2723,Марія Коваленко,18,Жінка,Одеса,2023-11-06,89
2724,Марія Коваленко,39,Чоловік,Київ,2023-05-12,60
2725,Петро Сидоров,43,Чоловік,Харків,2023-02-08,70
2726,Олена Петрова,35,Жінка,Дніпро,2023-03-13,70
2727,Марія Коваленко,31,Жінка,Одеса,2023-10-08,67
2728,Петро Сидоров,64,Жінка,Київ,2023-11-29,78
2729,Олена Петрова,46,Чоловік,Київ,2023-06-09,73
2730,Олена Петрова,29,Чоловік,Київ,2023-07-06,59
2731,Петро Сидоров,53,Чоловік,Одеса,2023-07-10,94
2732,Петро Сидоров,52,Чоловік,Харків,2023-04-30,66
2733,Марія Коваленко,29,Жінка,Київ,2023-08-08,67
2734,Олена Петрова,24,Жінка,Дніпро,2023-02-22,91
2735,Іван Іванов,46,Чоловік,Київ,2023-08-10,97
2736,Петро Сидоров,28,Чоловік,Харків,2023-05-11,69
2737,Олена Петрова,50,Жінка,Одеса,2023-08-25,86
2738,Олена Петрова,23,Чоловік,Київ,2023-09-03,94
2739,Марія Коваленко,64,Чоловік,Київ,2023-08-14,67
2740,Іван Іванов,32,Чоловік,Дніпро,2023-07-27,66
2741,Марія Коваленко,49,Чоловік,Дніпро,2023-04-06,58
2742,Іван Іванов,28,Чоловік,Київ,2023-07-19,63
2743,Іван Іванов,40,Чоловік,Київ,2023-09-04,98
2744,Петро Сидоров,43,Жінка,Дніпро,2023-03-13,78
2745,Олена Петрова,51,Чоловік,Харків,2023-11-14,80
2746,Олена Петрова,63,Чоловік,Львів,2023-07-04,53
2747,Олена Петрова,51,Жінка,Львів,2023-01-06,67
2748,Іван Іванов,46,Жінка,Київ,2023-07-25,69
2749,Олена Петрова,21,Жінка,Дніпро,2023-02-01,96
2750,Петро Сидоров,34,Чоловік,Одеса,2023-04-09,92
2751,Іван Іванов,52,Жінка,Одеса,2023-09-13,93
2752,Іван Іванов,30,Чоловік,Львів,2023-07-06,58
2753,Іван Іванов,58,Чоловік,Харків,2023-03-17,62
2754,Іван Іванов,56,Чоловік,Львів,2023-06-26,64
2755,Петро Сидоров,32,Жінка,Київ,2023-11-11,76
2756,Олена Петрова,46,Жінка,Харків,2023-10-14,64
2757,Петро Сидоров,46,Жінка,Одеса,2023-12-15,77
2758,Олена Петрова,28,Жінка,Дніпро,2023-09-12,86
2759,Петро Сидоров,49,Жінка,Дніпро,2023-11-21,68
2760,Марія Коваленко,19,Чоловік,Київ,2023-07-09,75
2761,Марія Коваленко,64,Чоловік,Львів,2023-11-04,75
2762,Марія Коваленко,31,Чоловік,Київ,2023-12-11,74
2763,Марія Коваленко,37,Чоловік,Дніпро,2023-05-07,75
2764,Іван Іванов,39,Жінка,Одеса,2023-10-14,75
2765,Іван Іванов,28,Жінка,Дніпро,2023-09-11,95
2766,Петро Сидоров,44,Чоловік,Харків,2023-08-01,77
2767,Петро Сидоров,20,Жінка,Дніпро,2023-09-07,98
2768,Марія Коваленко,34,Жінка,Дніпро,2023-03-25,67
2769,Олена Петрова,61,Чоловік,Харків,2023-01-13,81
2770,Марія Коваленко,45,Чоловік,Львів,2023-02-14,52
2771,Петро Сидоров,46,Жінка,Дніпро,2023-05-07,51
2772,Марія Коваленко,38,Жінка,Київ,2023-04-24,82
2773,Петро Сидоров,64,Чоловік,Дніпро,2023-10-03,91
2774,Марія Коваленко,33,Чоловік,Київ,2023-07-24,68
2775,Олена Петрова,54,Чоловік,Харків,2023-12-03,66
2776,Марія Коваленко,37,Жінка,Дніпро,2023-09-30,93
2777,Олена Петрова,23,Чоловік,Харків,2023-02-27,82
2778,Олена Петрова,36,Чоловік,Харків,2023-11-24,61
2779,Петро Сидоров,22,Жінка,Львів,2023-08-07,98
2780,Олена Петрова,20,Жінка,Дніпро,2023-04-19,52
2781,Іван Іванов,18,Жінка,Київ,2023-10-06,92
2782,Іван Іванов,55,Жінка,Київ,2023-06-23,98
2783,Іван Іванов,32,Жінка,Дніпро,2023-11-24,75
2784,Петро Сидоров,51,Чоловік,Львів,2023-09-21,84
2785,Іван Іванов,52,Чоловік,Львів,2023-11-11,57
2786,Петро Сидоров,42,Жінка,Львів,2023-04-21,85
2787,Петро Сидоров,41,Жінка,Київ,2023-07-06,56
2788,Іван Іванов,29,Жінка,Харків,2023-09-26,95
2789,Олена Петрова,35,Жінка,Львів,2023-08-17,95
2790,Марія Коваленко,32,Жінка,Київ,2023-06-05,85
2791,Петро Сидоров,61,Чоловік,Київ,2023-07-08,65
2792,Іван Іванов,33,Чоловік,Харків,2023-09-29,73
2793,Петро Сидоров,44,Чоловік,Дніпро,2023-01-02,50
2794,Олена Петрова,25,Чоловік,Дніпро,2023-09-03,98
2795,Олена Петрова,63,Жінка,Львів,2023-07-29,74
2796,Іван Іванов,42,Чоловік,Львів,2023-10-13,59
2797,Петро Сидоров,34,Жінка,Харків,2023-12-25,65
2798,Марія Коваленко,46,Жінка,Львів,2023-01-13,65
2799,Марія Коваленко,25,Жінка,Харків,2023-04-06,57
2800,Петро Сидоров,32,Чоловік,Київ,2023-08-09,78
2801,Петро Сидоров,44,Жінка,Львів,2023-08-26,88
2802,Петро Сидоров,63,Чоловік,Київ,2023-04-04,77
2803,Іван Іванов,24,Чоловік,Одеса,2023-12-04,55
2804,Олена Петрова,20,Жінка,Харків,2023-09-26,65
2805,Марія Коваленко,46,Жінка,Одеса,2023-06-20,69
2806,Іван Іванов,61,Жінка,Львів,2023-04-04,65
2807,Петро Сидоров,41,Чоловік,Київ,2023-05-29,56
2808,Петро Сидоров,20,Жінка,Львів,2023-04-22,90
2809,Олена Петрова,37,Чоловік,Одеса,2023-02-24,63
2810,Петро Сидоров,63,Жінка,Львів,2023-12-03,92
2811,Іван Іванов,32,Жінка,Дніпро,2023-04-26,75
2812,Іван Іванов,42,Чоловік,Одеса,2023-05-23,75
2813,Олена Петрова,47,Чоловік,Львів,2023-07-20,63
2814,Іван Іванов,31,Чоловік,Київ,2023-06-29,56
2815,Марія Коваленко,24,Чоловік,Львів,2023-07-21,82
2816,Іван Іванов,34,Чоловік,Київ,2023-12-30,75
2817,Іван Іванов,61,Чоловік,Дніпро,2023-02-22,94
2818,Іван Іванов,37,Жінка,Львів,2023-06-29,69
2819,Марія Коваленко,53,Жінка,Дніпро,2023-11-09,52
2820,Петро Сидоров,26,Чоловік,Одеса,2023-11-04,53
2821,Іван Іванов,55,Жінка,Київ,2023-05-17,75
2822,Олена Петрова,39,Чоловік,Одеса,2023-07-01,60
2823,Марія Коваленко,19,Жінка,Київ,2023-01-01,51
2824,Олена Петрова,41,Жінка,Дніпро,2023-02-13,63
2825,Іван Іванов,25,Чоловік,Харків,2023-08-15,93
2826,Олена Петрова,28,Чоловік,Львів,2023-11-27,79
2827,Іван Іванов,30,Чоловік,Дніпро,2023-04-08,98
2828,Марія Коваленко,34,Жінка,Київ,2023-07-27,61
2829,Олена Петрова,25,Чоловік,Київ,2023-09-22,75
2830,Олена Петрова,38,Жінка,Київ,2023-10-15,93
2831,Іван Іванов,35,Чоловік,Київ,2023-09-28,82
2832,Іван Іванов,47,Жінка,Львів,2023-05-20,62
2833,Петро Сидоров,35,Жінка,Одеса,2023-08-25,63
2834,Іван Іванов,63,Чоловік,Харків,2023-03-13,73
2835,Іван Іванов,64,Жінка,Львів,2023-06-04,83
2836,Петро Сидоров,48,Жінка,Київ,2023-07-09,93
2837,Іван Іванов,55,Чоловік,Львів,2023-09-25,75
2838,Іван Іванов,49,Жінка,Дніпро,2023-11-17,70
2839,Петро Сидоров,28,Чоловік,Київ,2023-04-17,77
2840,Марія Коваленко,62,Чоловік,Харків,2023-08-20,97
2841,Марія Коваленко,42,Чоловік,Київ,2023-02-11,85
2842,Іван Іванов,50,Чоловік,Харків,2023-07-09,89
2843,Іван Іванов,55,Жінка,Харків,2023-05-19,51
2844,Петро Сидоров,58,Жінка,Одеса,2023-04-13,91
2845,Петро Сидоров,25,Жінка,Одеса,2023-06-20,58
2846,Марія Коваленко,28,Чоловік,Львів,2023-12-17,72
2847,Олена Петрова,39,Жінка,Львів,2023-09-30,64
2848,Іван Іванов,41,Жінка,Харків,2023-08-09,62
2849,Олена Петрова,58,Чоловік,Київ,2023-08-01,72
2850,Олена Петрова,34,Чоловік,Дніпро,2023-12-07,66
2851,Петро Сидоров,29,Жінка,Дніпро,2023-02-25,97
2852,Іван Іванов,63,Чоловік,Київ,2023-12-08,51
2853,Іван Іванов,49,Чоловік,Київ,2023-04-12,69
2854,Петро Сидоров,32,Чоловік,Одеса,2023-07-11,69
2855,Олена Петрова,33,Чоловік,Дніпро,2023-11-06,95
2856,Петро Сидоров,39,Жінка,Харків,2023-07-19,52
2857,Марія Коваленко,45,Чоловік,Львів,2023-08-21,61
2858,Іван Іванов,37,Чоловік,Одеса,2023-08-15,89
2859,Марія Коваленко,50,Чоловік,Дніпро,2023-05-19,51
2860,Петро Сидоров,27,Чоловік,Київ,2023-12-10,85
2861,Іван Іванов,57,Чоловік,Дніпро,2023-11-01,63
2862,Марія Коваленко,49,Чоловік,Харків,2023-05-29,65
2863,Марія Коваленко,50,Чоловік,Одеса,2023-04-25,68
2864,Олена Петрова,19,Чоловік,Київ,2023-03-04,83
2865,Іван Іванов,50,Жінка,Харків,2023-04-14,93
2866,Марія Коваленко,50,Чоловік,Львів,2023-12-05,95
2867,Марія Коваленко,58,Жінка,Одеса,2023-12-25,55
2868,Олена Петрова,30,Чоловік,Харків,2023-06-05,62
2869,Марія Коваленко,47,Чоловік,Харків,2023-09-30,85
2870,Марія Коваленко,50,Чоловік,Київ,2023-01-06,71
2871,Марія Коваленко,30,Чоловік,Львів,2023-05-27,67
2872,Олена Петрова,43,Жінка,Харків,2023-07-03,61
2873,Марія Коваленко,39,Чоловік,Одеса,2023-01-28,79
2874,Марія Коваленко,56,Чоловік,Харків,2023-02-07,89
2875,Іван Іванов,19,Жінка,Дніпро,2023-04-29,56
2876,Іван Іванов,55,Жінка,Одеса,2023-10-20,81
2877,Олена Петрова,56,Чоловік,Одеса,2023-09-01,97
2878,Петро Сидоров,43,Жінка,Харків,2023-03-09,68
2879,Іван Іванов,63,Жінка,Київ,2023-08-02,55
2880,Олена Петрова,32,Жінка,Одеса,2023-08-06,69
2881,Марія Коваленко,51,Чоловік,Дніпро,2023-06-26,76
2882,Марія Коваленко,59,Чоловік,Київ,2023-10-26,92
2883,Олена Петрова,61,Чоловік,Київ,2023-06-13,86
2884,Марія Коваленко,57,Жінка,Київ,2023-02-27,97
2885,Марія Коваленко,28,Чоловік,Одеса,2023-09-26,56
2886,Петро Сидоров,20,Жінка,Київ,2023-11-04,54
2887,Марія Коваленко,23,Чоловік,Харків,2023-02-27,60
2888,Іван Іванов,26,Чоловік,Київ,2023-10-15,64
2889,Марія Коваленко,23,Жінка,Дніпро,2023-04-15,52
2890,Олена Петрова,26,Чоловік,Львів,2023-08-16,54
2891,Петро Сидоров,56,Жінка,Дніпро,2023-09-04,72
2892,Марія Коваленко,48,Жінка,Одеса,2023-07-07,86
2893,Олена Петрова,49,Чоловік,Київ,2023-03-24,58
2894,Іван Іванов,58,Жінка,Київ,2023-07-05,64
2895,Марія Коваленко,29,Чоловік,Харків,2023-09-09,52
2896,Петро Сидоров,25,Чоловік,Київ,2023-12-21,78
2897,Марія Коваленко,25,Жінка,Дніпро,2023-08-26,55
2898,Олена Петрова,45,Чоловік,Одеса,2023-12-26,66
2899,Петро Сидоров,37,Жінка,Львів,2023-07-03,75
2900,Марія Коваленко,64,Чоловік,Київ,2023-10-11,70
2901,Іван Іванов,24,Чоловік,Львів,2023-07-29,57
2902,Петро Сидоров,28,Чоловік,Київ,2023-10-31,70
2903,Іван Іванов,37,Чоловік,Одеса,2023-10-23,60
2904,Олена Петрова,33,Чоловік,Дніпро,2023-04-07,87
2905,Марія Коваленко,21,Жінка,Одеса,2023-07-27,57
2906,Іван Іванов,23,Жінка,Львів,2023-05-17,91
2907,Олена Петрова,39,Жінка,Київ,2023-07-03,73
2908,Марія Коваленко,43,Жінка,Львів,2023-03-17,84
2909,Олена Петрова,20,Жінка,Дніпро,2023-10-14,63
2910,Іван Іванов,58,Жінка,Одеса,2023-05-22,63
2911,Олена Петрова,59,Чоловік,Львів,2023-08-25,59
2912,Петро Сидоров,31,Чоловік,Львів,2023-01-25,61
2913,Марія Коваленко,28,Жінка,Дніпро,2023-10-17,87
2914,Олена Петрова,35,Жінка,Київ,2023-03-08,93
2915,Іван Іванов,29,Чоловік,Львів,2023-09-07,95
2916,Марія Коваленко,40,Чоловік,Дніпро,2023-04-28,83
2917,Петро Сидоров,29,Чоловік,Київ,2023-03-14,90
2918,Марія Коваленко,30,Жінка,Київ,2023-10-09,59
2919,Петро Сидоров,42,Жінка,Одеса,2023-12-26,66
2920,Марія Коваленко,62,Жінка,Дніпро,2023-01-10,66
2921,Олена Петрова,36,Чоловік,Київ,2023-07-30,52
2922,Олена Петрова,63,Чоловік,Одеса,2023-11-19,80
2923,Іван Іванов,53,Жінка,Харків,2023-06-01,50
2924,Петро Сидоров,62,Жінка,Дніпро,2023-01-05,61
2925,Іван Іванов,25,Чоловік,Харків,2023-07-14,88
2926,Олена Петрова,46,Чоловік,Київ,2023-10-10,53
2927,Петро Сидоров,49,Чоловік,Дніпро,2023-04-23,91
2928,Іван Іванов,61,Чоловік,Одеса,2023-09-28,62
2929,Іван Іванов,35,Жінка,Київ,2023-06-12,83
2930,Іван Іванов,23,Чоловік,Дніпро,2023-04-15,91
2931,Іван Іванов,35,Чоловік,Дніпро,2023-06-30,70
2932,Іван Іванов,36,Чоловік,Харків,2023-02-13,71
2933,Петро Сидоров,39,Жінка,Київ,2023-10-09,53
2934,Іван Іванов,54,Жінка,Одеса,2023-06-24,67
2935,Петро Сидоров,49,Чоловік,Одеса,2023-06-11,54
2936,Іван Іванов,58,Чоловік,Київ,2023-12-17,68
2937,Олена Петрова,20,Чоловік,Київ,2023-12-06,51
2938,Олена Петрова,45,Жінка,Львів,2023-05-20,61
2939,Іван Іванов,27,Жінка,Харків,2023-05-12,66
2940,Марія Коваленко,52,Жінка,Київ,2023-03-28,59
2941,Олена Петрова,46,Чоловік,Київ,2023-06-25,83
2942,Петро Сидоров,32,Жінка,Львів,2023-07-02,55
2943,Іван Іванов,50,Чоловік,Львів,2023-05-09,57
2944,Петро Сидоров,24,Чоловік,Дніпро,2023-09-03,60
2945,Марія Коваленко,29,Чоловік,Одеса,2023-03-30,61
2946,Іван Іванов,47,Жінка,Харків,2023-03-07,58
2947,Олена Петрова,38,Чоловік,Дніпро,2023-06-07,51
2948,Петро Сидоров,48,Жінка,Київ,2023-05-29,57
2949,Олена Петрова,41,Жінка,Львів,2023-12-06,60
2950,Олена Петрова,37,Чоловік,Одеса,2023-04-26,85
2951,Іван Іванов,54,Чоловік,Дніпро,2023-08-02,59
2952,Петро Сидоров,21,Жінка,Одеса,2023-10-21,70
2953,Марія Коваленко,45,Чоловік,Львів,2023-09-10,69
2954,Олена Петрова,61,Жінка,Дніпро,2023-05-23,97
2955,Іван Іванов,37,Чоловік,Дніпро,2023-09-07,57
2956,Іван Іванов,41,Жінка,Одеса,2023-10-29,85
2957,Марія Коваленко,49,Жінка,Львів,2023-01-25,78
2958,Іван Іванов,58,Жінка,Київ,2023-10-04,91
2959,Олена Петрова,53,Жінка,Дніпро,2023-03-11,61
2960,Іван Іванов,51,Чоловік,Київ,2023-04-23,63
2961,Петро Сидоров,53,Чоловік,Львів,2023-12-29,97
2962,Петро Сидоров,19,Жінка,Дніпро,2023-04-22,99
2963,Олена Петрова,32,Жінка,Дніпро,2023-12-30,70
2964,Петро Сидоров,51,Чоловік,Київ,2023-10-30,71
2965,Марія Коваленко,53,Чоловік,Харків,2023-04-01,70
2966,Іван Іванов,23,Чоловік,Київ,2023-01-18,93
2967,Олена Петрова,56,Чоловік,Київ,2023-05-29,99
2968,Марія Коваленко,59,Чоловік,Харків,2023-08-15,79
2969,Іван Іванов,29,Чоловік,Львів,2023-08-02,88
2970,Марія Коваленко,20,Жінка,Львів,2023-12-26,69
2971,Олена Петрова,62,Чоловік,Дніпро,2023-05-31,73
2972,Олена Петрова,35,Чоловік,Одеса,2023-07-11,72
2973,Марія Коваленко,57,Жінка,Одеса,2023-02-09,56
2974,Іван Іванов,38,Чоловік,Дніпро,2023-08-30,58
2975,Петро Сидоров,32,Чоловік,Одеса,2023-05-18,50
2976,Петро Сидоров,50,Чоловік,Київ,2023-12-11,75
2977,Марія Коваленко,52,Чоловік,Київ,2023-06-29,87
2978,Олена Петрова,43,Чоловік,Харків,2023-07-19,87
2979,Іван Іванов,25,Жінка,Харків,2023-07-22,93
2980,Іван Іванов,53,Чоловік,Дніпро,2023-03-02,71
2981,Олена Петрова,47,Жінка,Дніпро,2023-07-11,93
2982,Петро Сидоров,40,Жінка,Дніпро,2023-01-05,59
2983,Іван Іванов,59,Чоловік,Київ,2023-08-25,55
2984,Марія Коваленко,61,Жінка,Одеса,2023-06-30,66
2985,Петро Сидоров,31,Чоловік,Дніпро,2023-11-07,99
2986,Марія Коваленко,31,Жінка,Дніпро,2023-02-06,87
2987,Петро Сидоров,19,Жінка,Київ,2023-02-25,73
2988,Олена Петрова,54,Чоловік,Київ,2023-08-25,59
2989,Марія Коваленко,22,Чоловік,Київ,2023-12-24,57
2990,Марія Коваленко,55,Чоловік,Одеса,2023-12-15,70
2991,Олена Петрова,62,Чоловік,Дніпро,2023-07-16,55
2992,Марія Коваленко,58,Чоловік,Львів,2023-03-14,70
2993,Петро Сидоров,64,Жінка,Львів,2023-02-28,88
2994,Іван Іванов,31,Жінка,Дніпро,2023-08-28,73
2995,Іван Іванов,56,Жінка,Дніпро,2023-01-02,82
2996,Олена Петрова,42,Жінка,Дніпро,2023-12-26,67
2997,Петро Сидоров,37,Жінка,Дніпро,2023-07-07,77
2998,Марія Коваленко,19,Жінка,Одеса,2023-11-03,81
2999,Марія Коваленко,56,Жінка,Львів,2023-01-30,61
3000,Іван Іванов,23,Чоловік,Харків,2023-09-24,97
